Symbol,Name,Last Sale,Net Change,% Change,Market Cap,Country,IPO Year,Volume,Sector,Industry
A,Agilent Technologies Inc. Common Stock,$113.99,-2.65,-2.272%,34209923844.00,United States,1999,1607013,Capital Goods,Electrical Products
AA,Alcoa Corporation Common Stock ,$56.66,0.82,1.468%,10450862549.00,,2016,6191954,Basic Industries,Metal Fabrications
AAL,American Airlines Group Inc. Common Stock,$15.97,-0.60,-3.621%,10372752123.00,United States,,34859739,Transportation,Air Freight/Delivery Services
AAP,Advance Auto Parts Inc.,$201.07,-1.83,-0.902%,12283596123.00,United States,,518672,Consumer Services,Other Specialty Stores
ABB,ABB Ltd Common Stock,$28.06,-0.45,-1.578%,56163533771.00,Switzerland,,3170319,Consumer Durables,Electrical Products
ABC,AmerisourceBergen Corporation Common Stock,$161.30,1.65,1.034%,33786551265.00,United States,,1898590,Health Care,Other Pharmaceuticals
ABEV,Ambev S.A. American Depositary Shares (Each representing 1 Common Share),$2.66,0.02,0.758%,41865430849.00,,2013,44499890,Consumer Non-Durables,Beverages (Production/Distribution)
ABMD,ABIOMED Inc. Common Stock,$233.49,-4.14,-1.742%,10634302050.00,United States,,290813,Health Care,Medical/Dental Instruments
ABNB,Airbnb Inc. Class A Common Stock,$116.15,0.02,0.017%,69271744663.00,United States,2020,13653535,Transportation,Other Consumer Services
ABT,Abbott Laboratories Common Stock,$105.84,-0.91,-0.852%,185319731868.00,United States,,6635603,Health Care,Medical/Dental Instruments
ACGL,Arch Capital Group Ltd. Common Stock,$45.73,-0.06,-0.131%,17178547439.00,Bermuda,,2380881,Finance,Property-Casualty Insurers
ACI,Albertsons Companies Inc. Class A Common Stock,$29.85,-0.45,-1.485%,15608541717.00,United States,2020,1994754,Consumer Services,Food Chains
ACN,Accenture plc Class A Ordinary Shares (Ireland),$280.94,-6.65,-2.312%,177947602772.00,Ireland,2001,2398627,Miscellaneous,Business Services
ADBE,Adobe Inc. Common Stock,$379.33,-13.70,-3.486%,179233425000.00,United States,1986,3820528,Technology,Computer Software: Prepackaged Software
ADI,Analog Devices Inc. Common Stock,$151.99,-3.23,-2.081%,79538666609.00,United States,,3860904,Technology,Semiconductors
ADM,Archer-Daniels-Midland Company Common Stock,$84.36,-0.61,-0.718%,47470028827.00,United States,,3592045,,
ADP,Automatic Data Processing Inc. Common Stock,$208.53,-3.81,-1.794%,87112813607.00,United States,,2111105,Miscellaneous,Business Services
ADSK,Autodesk Inc. Common Stock,$180.68,-5.73,-3.074%,39302803655.00,United States,,2388372,Technology,Computer Software: Prepackaged Software
AEE,Ameren Corporation Common Stock,$93.42,0.53,0.571%,24123520191.00,United States,,1635805,Public Utilities,Power Generation
AEM,Agnico Eagle Mines Limited Common Stock,$53.03,-0.44,-0.823%,24166097665.00,Canada,,3275157,,
AEP,American Electric Power Company Inc. Common Stock,$99.78,0.70,0.706%,51241437881.00,United States,,3331434,Public Utilities,Electric Utilities: Central
AER,AerCap Holdings N.V. Ordinary Shares,$42.97,0.04,0.093%,10544642401.00,Netherlands,2006,1359047,Technology,Diversified Commercial Services
AES,The AES Corporation Common Stock,$19.96,0.00,0.00%,13330478514.00,United States,,5472918,Public Utilities,Electric Utilities: Central
AFG,American Financial Group Inc. Common Stock,$142.90,-0.02,-0.014%,12161218700.00,United States,,594629,Finance,Property-Casualty Insurers
AFL,AFLAC Incorporated Common Stock,$56.88,-0.46,-0.802%,36640078921.00,United States,,2353506,Finance,Accident &Health Insurance
AGR,Avangrid Inc. Common Stock,$43.61,-0.51,-1.156%,16860682714.00,United States,2015,1363983,Public Utilities,Electric Utilities: Central
AIG,American International Group Inc. New Common Stock,$58.61,-0.08,-0.136%,50494023270.00,United States,,4806239,Finance,Life Insurance
AJG,Arthur J. Gallagher & Co. Common Stock,$157.78,-0.47,-0.297%,33144529040.00,United States,,911428,Finance,Specialty Insurers
AKAM,Akamai Technologies Inc. Common Stock,$98.11,0.88,0.905%,15727542485.00,United States,1999,2763380,Miscellaneous,Business Services
ALB,Albemarle Corporation Common Stock,$213.03,-8.40,-3.794%,24948516777.00,United States,,1203457,Basic Industries,Industrial Specialties
ALC,Alcon Inc. Ordinary Shares,$69.83,4.54,6.954%,34222773883.00,Switzerland,2019,2725299,Health Care,Ophthalmic Goods
ALGN,Align Technology Inc. Common Stock,$256.11,-2.02,-0.783%,20182888642.00,United States,2001,1037523,Health Care,Industrial Specialties
ALL,Allstate Corporation (The) Common Stock,$128.55,-1.04,-0.803%,35349064393.00,United States,,1585507,Finance,Property-Casualty Insurers
ALLY,Ally Financial Inc. Common Stock,$38.72,-1.47,-3.658%,12508343714.00,United States,2014,5107348,Finance,Diversified Financial Services
ALNY,Alnylam Pharmaceuticals Inc. Common Stock,$120.42,-7.76,-6.054%,14548368775.00,United States,2004,944318,Health Care,Biotechnology: Pharmaceutical Preparations
AMAT,Applied Materials Inc. Common Stock,$103.92,-3.26,-3.042%,91802370885.00,United States,1972,8306730,Capital Goods,Industrial Machinery/Components
AMCR,Amcor plc Ordinary Shares,$12.51,-0.05,-0.398%,18799611455.00,,2019,19237232,Consumer Durables,Miscellaneous manufacturing industries
AMD,Advanced Micro Devices Inc. Common Stock,$87.92,-0.81,-0.913%,143077928602.00,United States,,136036044,Technology,Semiconductors
AME,AMETEK Inc.,$120.44,-0.45,-0.372%,27810801484.00,United States,,1349979,Consumer Durables,Metal Fabrications
AMGN,Amgen Inc. Common Stock,$240.64,-0.07,-0.029%,128549871877.00,United States,1983,3411676,Health Care,Biotechnology: Pharmaceutical Preparations
AMH,American Homes 4 Rent Common Shares of Beneficial Interest,$35.54,-0.15,-0.42%,12378331905.00,,2013,2883610,Consumer Services,Real Estate Investment Trusts
AMOV,America Movil S.A.B. de C.V. Class A American Depositary Shares,$19.27,0.6901,3.714%,62321710806.00,Mexico,,13784,Public Utilities,Telecommunications Equipment
AMP,Ameriprise Financial Inc. Common Stock,$256.41,-2.98,-1.149%,28180609768.00,United States,,717360,Finance,Investment Managers
AMT,American Tower Corporation (REIT) Common Stock,$224.72,-0.03,-0.013%,102535825423.00,United States,,2104230,Finance,Trusts Except Educational Religious and Charitable
AMX,America Movil S.A.B. de C.V. American Depository Receipt Series L,$19.33,0.57,3.038%,62515758686.00,Mexico,,4801840,Public Utilities,Telecommunications Equipment
ANET,Arista Networks Inc. Common Stock,$102.91,-2.20,-2.093%,31723400696.00,,2014,1522088,Technology,Computer peripheral equipment
ANSS,ANSYS Inc. Common Stock,$238.75,-11.89,-4.744%,20768891150.00,United States,1996,853892,Technology,Computer Software: Prepackaged Software
ANTM,Anthem Inc. Common Stock,$487.36,-1.96,-0.401%,117495078381.00,United States,,1166847,Health Care,Medical Specialities
AON,Aon plc Class A Ordinary Shares (Ireland),$275.05,-4.13,-1.479%,58416192245.00,United States,,808342,Finance,Specialty Insurers
APA,APA Corporation Common Stock,$38.30,0.92,2.461%,12954301380.00,United States,,10238859,Energy,Oil & Gas Production
APD,Air Products and Chemicals Inc. Common Stock,$232.89,2.21,0.958%,51648790125.00,United States,,1275637,Basic Industries,Specialty Chemicals
APH,Amphenol Corporation Common Stock,$68.37,-0.67,-0.97%,40826360886.00,United States,,2363948,Capital Goods,Electrical Products
APO,Apollo Global Management Inc. (New) Common Stock,$51.01,0.57,1.13%,29093734790.00,,,4726884,Finance,Investment Managers
APP,Applovin Corporation Class A Common Stock,$27.28,-1.71,-5.899%,10332919802.00,United States,2021,7480249,Technology,EDP Services
APTV,Aptiv PLC Ordinary Shares,$90.74,-5.16,-5.381%,24584272135.00,United Kingdom,2011,2837238,Capital Goods,Auto Parts:O.E.M.
AR,Antero Resources Corporation Common Stock,$33.06,0.35,1.07%,10284474960.00,,2013,9149322,Energy,Oil & Gas Production
ARE,Alexandria Real Estate Equities Inc. Common Stock,$161.72,-1.44,-0.883%,26395599273.00,United States,,1340617,Consumer Services,Real Estate Investment Trusts
ARES,Ares Management Corporation Class A Common Stock,$63.03,-1.42,-2.203%,11030861895.00,,2014,1477910,Finance,Investment Managers
ARGX,argenx SE American Depositary Shares,$284.34,-15.07,-5.033%,15422215466.00,Netherlands,2017,351996,Health Care,Biotechnology: Biological Products (No Diagnostic Substances)
ASX,ASE Technology Holding Co. Ltd. American Depositary Shares (each representing Two Common Shares) ,$6.32,-0.16,-2.469%,13527752470.00,,2018,7434320,Technology,Semiconductors
ATO,Atmos Energy Corporation Common Stock,$112.62,-0.49,-0.433%,15655870651.00,United States,,1064565,Public Utilities,Oil/Gas Transmission
ATVI,Activision Blizzard Inc. Common Stock,$77.47,0.55,0.715%,60572357636.00,United States,,6477710,Technology,Computer Software: Prepackaged Software
AVB,AvalonBay Communities Inc. Common Stock,$203.48,3.39,1.694%,28450212220.00,United States,,1036986,Consumer Services,Real Estate Investment Trusts
AVTR,Avantor Inc. Common Stock,$29.84,-0.28,-0.93%,18212515312.00,,2019,6414983,Basic Industries,Industrial Specialties
AVY,Avery Dennison Corporation Common Stock,$171.74,0.00,0.00%,14033611478.00,United States,,658472,Miscellaneous,Office Equipment/Supplies/Services
AWK,American Water Works Company Inc. Common Stock,$144.04,0.49,0.341%,26179741875.00,United States,2008,1003997,Public Utilities,Water Supply
AXP,American Express Company Common Stock,$159.39,-2.44,-1.508%,120030277710.00,United States,,2643669,Finance,Finance: Consumer Services
AZN,AstraZeneca PLC American Depositary Shares,$61.43,-2.21,-3.473%,190367148637.00,United Kingdom,,10486550,Health Care,Biotechnology: Pharmaceutical Preparations
AZO,AutoZone Inc. Common Stock,$1930.98,-19.91,-1.021%,38327767131.00,United States,,174753,,
AZPN,Aspen Technology Inc. Common Stock,$158.66,-0.85,-0.533%,10568233125.00,United States,1994,307690,Technology,EDP Services
BA,Boeing Company (The) Common Stock,$129.39,-3.56,-2.678%,76551760432.00,United States,,11363854,Capital Goods,Aerospace
BAH,Booz Allen Hamilton Holding Corporation Common Stock,$79.93,-1.75,-2.143%,10651287002.00,United States,2010,639979,Consumer Services,Professional Services
BALL,Ball Corporation Common Stock,$67.28,-1.81,-2.62%,21515396183.00,United States,,2683437,,
BAM,Brookfield Asset Management Inc. Common Stock,$46.83,-0.33,-0.70%,76870505637.00,Canada,,2411282,Miscellaneous,Other Consumer Services
BAX,Baxter International Inc. Common Stock,$72.00,-0.46,-0.635%,36254064816.00,United States,,2543405,Health Care,Medical/Dental Instruments
BBD,Banco Bradesco Sa American Depositary Shares,$3.62,0.03,0.836%,42324451135.00,Brazil,,31025996,Finance,Commercial Banks
BBDO,Banco Bradesco Sa American Depositary Shares (each representing one Common Share),$2.99,0.05,1.701%,33407521537.00,Brazil,,7473,Finance,Commercial Banks
BBVA,Banco Bilbao Vizcaya Argentaria S.A. Common Stock,$4.84,-0.07,-1.426%,31335903150.00,Spain,,2609503,Finance,Commercial Banks
BBWI,Bath & Body Works Inc.,$47.77,-2.11,-4.23%,11392663717.00,United States,,5874173,Miscellaneous,Diversified Commercial Services
BBY,Best Buy Co. Inc. Common Stock,$83.79,-4.95,-5.578%,18850045594.00,United States,,3045341,Consumer Services,Consumer Electronics/Video Chains
BCE,BCE Inc. Common Stock,$52.47,-0.50,-0.944%,47842146000.00,Canada,,1367160,,
BCS,Barclays PLC Common Stock,$7.15,-0.10,-1.379%,29962075000.00,United Kingdom,,7925027,Finance,Commercial Banks
BDX,Becton Dickinson and Company Common Stock,$248.99,-1.11,-0.444%,70978241975.00,United States,,969129,Health Care,Medical/Dental Instruments
BEKE,KE Holdings Inc American Depositary Shares (each representing three Class A Ordinary Shares),$11.50,-0.33,-2.79%,17223867883.00,China,2020,10348814,Finance,Real Estate
BEN,Franklin Resources Inc. Common Stock,$23.88,-0.65,-2.65%,11938188630.00,United States,,3704653,Finance,Investment Managers
BG,Bunge Limited Bunge Limited,$109.77,-0.56,-0.508%,16655603967.00,United States,2001,1909858,Consumer Non-Durables,Packaged Foods
BGNE,BeiGene Ltd. American Depositary Shares,$121.11,-22.57,-15.709%,12438747276.00,Cayman Islands,2016,1133426,Health Care,Biotechnology: Pharmaceutical Preparations
BHP,BHP Group Limited American Depositary Shares (Each representing two Ordinary Shares),$62.77,0.25,0.40%,158881013318.00,Australia,,3825295,Basic Industries,Precious Metals
BIDU,Baidu Inc. ADS,$106.09,-1.82,-1.687%,36659453924.00,China,2005,3237911,Technology,Computer Software: Programming Data Processing
BIIB,Biogen Inc. Common Stock,$191.07,-3.93,-2.015%,27982586124.00,United States,,1483538,Health Care,Biotechnology: Pharmaceutical Preparations
BILL,Bill.com Holdings Inc. Common Stock,$97.45,-9.79,-9.129%,10160904321.00,,2019,3602353,Technology,Computer Software: Prepackaged Software
BIO,Bio-Rad Laboratories Inc. Class A Common Stock,$475.22,-14.95,-3.05%,14228850003.00,United States,,270689,Capital Goods,Biotechnology: Laboratory Analytical Instruments
BIP,Brookfield Infrastructure Partners LP Limited Partnership Units,$58.81,0.14,0.239%,17952755740.00,Bermuda,,187000,Consumer Services,Marine Transportation
BK,The Bank of New York Mellon Corporation Common Stock,$42.43,-0.53,-1.234%,34274879450.00,United States,,5478309,Finance,Investment Managers
BKI,Black Knight Inc. Common Stock ,$69.34,-0.20,-0.288%,10814703311.00,,2017,3652486,Technology,Computer Software: Prepackaged Software
BKNG,Booking Holdings Inc. Common Stock,$2072.15,27.17,1.329%,84177479920.00,United States,,461691,Transportation,Other Consumer Services
BKR,Baker Hughes Company Class A Common Stock,$32.49,1.67,5.419%,31988876287.00,United States,,13026768,Energy,Oilfield Services/Equipment
BLDR,Builders FirstSource Inc. Common Stock,$62.99,-2.14,-3.286%,10959497380.00,United States,2005,2902970,Consumer Services,RETAIL: Building Materials
BLK,BlackRock Inc. Common Stock,$600.35,-9.88,-1.619%,90954979139.00,United States,1999,1170585,Finance,Investment Bankers/Brokers/Service
BMO,Bank Of Montreal Common Stock,$101.13,-0.01,-0.01%,67906426333.00,Canada,,774172,,
BMRN,BioMarin Pharmaceutical Inc. Common Stock,$75.68,-3.75,-4.721%,14000447937.00,United States,1999,1610454,Health Care,Biotechnology: Pharmaceutical Preparations
BMY,Bristol-Myers Squibb Company Common Stock,$76.15,-0.14,-0.184%,162128244237.00,United States,,13676228,Health Care,Biotechnology: Pharmaceutical Preparations
BNS,Bank Nova Scotia Halifax Pfd 3 Ordinary Shares,$61.99,-0.15,-0.241%,74664945780.00,Canada,,1924260,,
BNTX,BioNTech SE American Depositary Share,$144.16,-0.27,-0.187%,35033650179.00,Germany,2019,2389230,Health Care,Biotechnology: Biological Products (No Diagnostic Substances)
BP,BP p.l.c. Common Stock,$30.22,0.33,1.104%,98320809830.00,United Kingdom,,15008245,Energy,Integrated oil Companies
BR,Broadridge Financial Solutions Inc. Common Stock,$134.93,-1.84,-1.345%,15817416442.00,United States,,635380,Miscellaneous,Business Services
BRO,Brown & Brown Inc. Common Stock,$56.09,-1.46,-2.537%,15879079000.00,United States,,2079256,Finance,Specialty Insurers
BSBR,Banco Santander Brasil SA American Depositary Shares each representing one unit,$6.34,-0.05,-0.782%,47292412140.00,Brazil,2009,1691674,Finance,Commercial Banks
BSX,Boston Scientific Corporation Common Stock,$38.74,0.09,0.233%,55381588249.00,United States,,11574643,Health Care,Medical/Dental Instruments
BTI,British American Tobacco  Industries p.l.c. Common Stock ADR,$41.07,0.16,0.391%,93388904777.00,United Kingdom,,3712077,Consumer Non-Durables,Farming/Seeds/Milling
BUD,Anheuser-Busch Inbev SA Sponsored ADR (Belgium),$54.71,0.05,0.091%,95041415805.00,Belgium,,2222577,Consumer Non-Durables,Beverages (Production/Distribution)
BURL,Burlington Stores Inc. Common Stock,$173.46,-9.54,-5.213%,11465587700.00,,2013,952695,Consumer Non-Durables,Apparel
BX,Blackstone Inc. Common Stock,$96.70,-2.32,-2.343%,67760010993.00,United States,2007,5524926,Finance,Investment Managers
BXP,Boston Properties Inc. Common Stock,$109.16,-1.11,-1.007%,17106702442.00,United States,1997,787914,Consumer Services,Real Estate Investment Trusts
C,Citigroup Inc. Common Stock,$47.66,-1.09,-2.236%,92550954000.00,United States,,30173160,Finance,Major Banks
CAG,ConAgra Brands Inc. Common Stock,$35.69,-0.02,-0.056%,17126747851.00,United States,,3513915,Consumer Non-Durables,Packaged Foods
CAH,Cardinal Health Inc. Common Stock,$55.90,-0.15,-0.268%,15228689536.00,United States,,2742436,Health Care,Other Pharmaceuticals
CAJ,Canon Inc. American Depositary Shares,$24.01,0.08,0.334%,25108979934.00,Japan,,451309,Miscellaneous,Industrial Machinery/Components
CAR,Avis Budget Group Inc. Common Stock,$223.41,-3.57,-1.573%,10787859438.00,United States,,1211408,Miscellaneous,Rental/Leasing Companies
CARR,Carrier Global Corporation Common Stock ,$37.59,-0.50,-1.313%,31885407458.00,,2020,4809718,Capital Goods,Wholesale Distributors
CAT,Caterpillar Inc. Common Stock,$205.21,2.22,1.094%,109453763702.00,United States,,2551985,Capital Goods,Construction/Ag Equipment/Trucks
CB,Chubb Limited  Common Stock,$204.63,-0.24,-0.117%,86704057438.00,Switzerland,,1793943,Finance,Property-Casualty Insurers
CBOE,Cboe Global Markets Inc. Common Stock,$108.52,0.28,0.259%,12134570750.00,,2010,663557,Finance,Investment Bankers/Brokers/Service
CBRE,CBRE Group Inc Common Stock Class A,$78.09,-0.45,-0.573%,25821834836.00,United States,,2301290,Finance,Real Estate
CCEP,Coca-Cola Europacific Partners plc Ordinary Shares,$48.82,-0.62,-1.254%,22299700724.00,United Kingdom,,1056252,Consumer Non-Durables,Beverages (Production/Distribution)
CCI,Crown Castle International Corp. (REIT) Common Stock,$170.70,0.41,0.241%,73918507605.00,United States,,1593167,Consumer Services,Real Estate Investment Trusts
CCK,Crown Holdings Inc.,$101.26,-0.78,-0.764%,12449113704.00,United States,,1209112,Consumer Durables,Containers/Packaging
CCL,Carnival Corporation Common Stock,$13.55,-0.64,-4.51%,15927013249.00,United States,1987,40800920,,
CDNS,Cadence Design Systems Inc. Common Stock,$135.68,-5.49,-3.889%,37414981120.00,United States,,1550908,Technology,Computer Software: Prepackaged Software
CDW,CDW Corporation Common Stock,$164.45,-2.10,-1.261%,22219780154.00,United States,2013,847049,Technology,EDP Services
CE,Celanese Corporation Celanese Corporation Common Stock,$141.53,0.67,0.476%,15328961023.00,United States,2005,991778,Basic Industries,Major Chemicals
CEG,Constellation Energy Corporation Common Stock ,$57.37,0.33,0.579%,18740710066.00,United States,,1877038,Energy,Power Generation
CERN,Cerner Corporation Common Stock,$93.99,-0.15,-0.159%,27642279855.00,United States,1986,2829258,Health Care,Managed Health Care
CF,CF Industries Holdings Inc. Common Stock,$95.59,2.24,2.40%,19940238415.00,United States,2005,3357651,Basic Industries,Agricultural Chemicals
CFG,Citizens Financial Group Inc. Common Stock,$38.03,-1.01,-2.587%,18841812635.00,United States,2014,5713111,Finance,Major Banks
CG,The Carlyle Group Inc. Common Stock,$35.43,-1.03,-2.825%,12813847957.00,United States,2012,2398684,Finance,Investment Managers
CHD,Church & Dwight Company Inc. Common Stock,$97.68,-0.32,-0.327%,23713883490.00,United States,,1285140,Consumer Non-Durables,Package Goods/Cosmetics
CHK,Chesapeake Energy Corporation Common Stock,$86.23,2.43,2.90%,10967222652.00,United States,,1665243,Energy,Oil & Gas Production
CHKP,Check Point Software Technologies Ltd. Ordinary Shares,$122.28,1.80,1.494%,15665726606.00,Israel,1996,1599819,Technology,Computer Software: Prepackaged Software
CHRW,C.H. Robinson Worldwide Inc. Common Stock,$108.27,-2.02,-1.832%,13779106818.00,United States,1997,1185975,Transportation,Oil Refining/Marketing
CHT,Chunghwa Telecom Co. Ltd.,$42.03,-0.20,-0.474%,32604547808.00,Taiwan,,160352,Public Utilities,Telecommunications Equipment
CHTR,Charter Communications Inc. Class A Common Stock New,$448.35,-19.88,-4.246%,91866546008.00,United States,,1679375,Consumer Services,Television Services
CI,Cigna Corporation Common Stock,$260.20,-0.45,-0.173%,82554552210.00,United States,,1410688,Health Care,Medical Specialities
CINF,Cincinnati Financial Corporation Common Stock,$125.15,0.15,0.12%,20068459162.00,United States,,599189,Finance,Property-Casualty Insurers
CL,Colgate-Palmolive Company Common Stock,$76.75,0.08,0.104%,64312038523.00,United States,,5555486,Consumer Non-Durables,Package Goods/Cosmetics
CLF,Cleveland-Cliffs Inc. Common Stock,$21.40,-0.62,-2.816%,11229375952.00,United States,,15222989,,
CLR,Continental Resources Inc. Common Stock,$56.31,0.31,0.554%,20438790303.00,United States,2007,1281946,Energy,Oil & Gas Production
CLX,Clorox Company (The) Common Stock,$154.86,-1.37,-0.877%,19060167716.00,United States,,1054989,Consumer Durables,Specialty Chemicals
CM,Canadian Imperial Bank of Commerce Common Stock,$104.89,-0.90,-0.851%,94671183424.00,Canada,,511257,,
CMCSA,Comcast Corporation Class A Common Stock,$39.84,-0.46,-1.141%,178483787520.00,United States,,31755088,Consumer Services,Television Services
CME,CME Group Inc. Class A Common Stock,$198.62,-1.65,-0.824%,71388254236.00,United States,2002,1498251,Finance,Investment Bankers/Brokers/Service
CMG,Chipotle Mexican Grill Inc. Common Stock,$1281.69,-39.39,-2.982%,35839189977.00,United States,2006,312202,Consumer Services,Restaurants
CMI,Cummins Inc. Common Stock,$196.18,-1.23,-0.623%,27680569739.00,United States,,1094004,Capital Goods,Construction/Ag Equipment/Trucks
CMS,CMS Energy Corporation Common Stock,$68.58,0.30,0.439%,19897053884.00,United States,,1345351,Public Utilities,Power Generation
CNA,CNA Financial Corporation Common Stock,$44.00,0.03,0.068%,11937637008.00,United States,,114005,Finance,Property-Casualty Insurers
CNC,Centene Corporation Common Stock,$80.65,0.69,0.863%,47171135502.00,United States,,3672207,Health Care,Medical Specialities
CNHI,CNH Industrial N.V. Common Shares,$13.78,0.12,0.878%,23779661178.00,,2013,4490173,Capital Goods,Construction/Ag Equipment/Trucks
CNI,Canadian National Railway Company Common Stock,$111.24,1.29,1.173%,76889088000.00,Canada,,1756006,,
CNP,CenterPoint Energy Inc (Holding Co) Common Stock,$30.40,-0.08,-0.262%,19135243125.00,United States,,6659037,Public Utilities,Electric Utilities: Central
CNQ,Canadian Natural Resources Limited Common Stock,$58.49,0.04,0.068%,67517229620.00,Canada,,2595648,,
COF,Capital One Financial Corporation Common Stock,$119.59,-1.44,-1.19%,47716410000.00,United States,1994,2785557,Finance,Finance Companies
COIN,Coinbase Global Inc. Class A Common Stock,$53.72,-19.27,-26.401%,14069268000.00,United States,,66965990,Technology,EDP Services
COO,The Cooper Companies Inc. Common Stock,$316.08,-0.95,-0.30%,15583233924.00,United States,,462509,Health Care,Ophthalmic Goods
COP,ConocoPhillips Common Stock,$99.04,1.04,1.061%,128103243135.00,United States,,6650585,Energy,Integrated oil Companies
CP,Canadian Pacific Railway Limited Common Stock,$68.70,0.59,0.866%,63882305122.00,Canada,,2454541,,
CPB,Campbell Soup Company Common Stock,$49.35,-0.23,-0.464%,14889068317.00,United States,,1953062,Consumer Non-Durables,Packaged Foods
CPNG,Coupang Inc. Class A Common Stock,$9.67,-0.91,-8.601%,17037697163.00,,2021,30079824,Capital Goods,Recreational Products/Toys
CPRT,Copart Inc. (DE) Common Stock,$106.97,-2.59,-2.364%,25405086502.00,United States,1994,1158019,Consumer Services,Other Specialty Stores
CPT,Camden Property Trust Common Stock,$143.50,1.94,1.37%,15285742119.00,United States,1993,751192,Consumer Services,Real Estate Investment Trusts
CQP,Cheniere Energy Partners LP Cheniere Energy Partners LP Common Units,$50.79,-1.87,-3.551%,24583737577.00,United States,2007,275329,Public Utilities,Oil/Gas Transmission
CRH,CRH PLC American Depositary Shares,$37.64,-0.52,-1.363%,28775481214.00,Ireland,,794578,Capital Goods,Building Materials
CRL,Charles River Laboratories International Inc. Common Stock,$222.31,-6.94,-3.027%,11294428427.00,United States,2000,734417,Consumer Services,EDP Services
CRM,Salesforce Inc. Common Stock,$161.27,-5.88,-3.518%,160288926534.00,United States,2004,7217366,Technology,Computer Software: Prepackaged Software
CRWD,CrowdStrike Holdings Inc. Class A Common Stock,$137.40,-14.48,-9.534%,31879363472.00,United States,2019,6474079,Technology,EDP Services
CS,Credit Suisse Group American Depositary Shares,$6.20,-0.13,-2.054%,15847841508.00,Switzerland,,18782475,Finance,Investment Bankers/Brokers/Service
CSGP,CoStar Group Inc. Common Stock,$54.19,-2.78,-4.88%,21471448573.00,United States,1998,2926650,Finance,Real Estate
CSL,Carlisle Companies Incorporated Common Stock,$241.81,-4.96,-2.01%,12501204854.00,United States,,383719,,
CSX,CSX Corporation Common Stock,$33.17,0.39,1.19%,72120202608.00,United States,,16935229,Transportation,Railroads
CTAS,Cintas Corporation Common Stock,$370.94,-7.29,-1.927%,37956402486.00,United States,1983,525843,Miscellaneous,Business Services
CTLT,Catalent Inc. Common Stock,$92.35,-2.12,-2.244%,16550342437.00,United States,2014,810558,Health Care,Biotechnology: Pharmaceutical Preparations
CTRA,Coterra Energy Inc. Common Stock,$29.58,-0.04,-0.135%,23835716603.00,United States,,11045029,Energy,Oil & Gas Production
CTSH,Cognizant Technology Solutions Corporation Class A Common Stock,$72.38,-2.06,-2.767%,37722562394.00,United States,1998,3219657,Technology,EDP Services
CTVA,Corteva Inc. Common Stock ,$53.60,0.78,1.477%,38790320000.00,,2019,3899592,Basic Industries,Major Chemicals
CTXS,Citrix Systems Inc. Common Stock,$100.08,-0.21,-0.209%,12668118994.00,United States,1995,555410,Technology,Computer Software: Prepackaged Software
CUK,Carnival Plc ADS ADS,$12.65,-0.51,-3.875%,14874309347.00,United States,,4004232,Consumer Services,Marine Transportation
CVE,Cenovus Energy Inc Common Stock,$19.34,0.38,2.004%,38325207700.00,Canada,,12155784,,
CVS,CVS Health Corporation Common Stock,$97.99,-0.17,-0.173%,128495176161.00,United States,,4667146,Health Care,Managed Health Care
CZR,Caesars Entertainment Inc. Common Stock,$48.36,-2.41,-4.747%,10366746482.00,United States,,4857184,Consumer Services,Hotels/Resorts
D,Dominion Energy Inc. Common Stock,$83.02,1.06,1.293%,67351664789.00,United States,,4543416,Public Utilities,Electric Utilities: Central
DAL,Delta Air Lines Inc. Common Stock,$37.89,-0.79,-2.042%,24289688188.00,United States,,14394787,Transportation,Air Freight/Delivery Services
DAR,Darling Ingredients Inc. Common Stock,$73.25,-1.03,-1.387%,11835379664.00,United States,,2223573,Consumer Non-Durables,Farming/Seeds/Milling
DASH,DoorDash Inc. Class A Common Stock,$59.51,-9.02,-13.162%,20902878990.00,,2020,9032557,Capital Goods,Industrial Machinery/Components
DB,Deutsche Bank AG Common Stock,$9.51,-0.22,-2.261%,19655012476.00,Germany,,4920331,Finance,Commercial Banks
DCI,Donaldson Company Inc. Common Stock,$48.49,-0.84,-1.703%,53921928305.00,United States,,388262,Capital Goods,Pollution Control Equipment
DD,DuPont de Nemours Inc. Common Stock,$63.38,0.06,0.095%,32230412676.00,,2017,2701664,Capital Goods,Wholesale Distributors
DDOG,Datadog Inc. Class A Common Stock,$97.87,-0.44,-0.448%,30830751078.00,United States,2019,7490081,Technology,EDP Services
DE,Deere & Company Common Stock,$364.03,-0.72,-0.197%,111678698558.00,United States,,1380921,Capital Goods,Industrial Machinery/Components
DELL,Dell Technologies Inc. Class C Common Stock ,$44.41,-1.09,-2.396%,33769290679.00,,2018,4551337,Technology,Computer Manufacturing
DEO,Diageo plc Common Stock,$182.48,-2.12,-1.148%,104835381344.00,United Kingdom,,338754,Consumer Non-Durables,Beverages (Production/Distribution)
DFS,Discover Financial Services Common Stock,$104.63,-0.58,-0.551%,29397377994.00,United States,,1278703,Finance,Finance: Consumer Services
DG,Dollar General Corporation Common Stock,$228.37,0.87,0.382%,52247600077.00,United States,2009,1620922,Consumer Services,Department/Specialty Retail Stores
DGX,Quest Diagnostics Incorporated Common Stock,$132.86,-1.23,-0.917%,15593117620.00,United States,,631245,Health Care,Medical Specialities
DHI,D.R. Horton Inc. Common Stock,$64.86,-3.35,-4.911%,22832682080.00,United States,,5053255,,
DHR,Danaher Corporation Common Stock,$237.11,-3.34,-1.389%,172397171986.00,United States,,2419677,Health Care,Medical Specialities
DINO,HF Sinclair Corporation Common Stock,$45.04,1.26,2.878%,10054348832.00,United States,,2983047,Energy,Integrated oil Companies
DIS,Walt Disney Company (The) Common Stock,$105.21,-2.47,-2.294%,191548840856.00,United States,,26609867,Consumer Services,Movies/Entertainment
DLR,Digital Realty Trust Inc. Common Stock,$127.00,0.40,0.316%,36153389974.00,United States,2004,1716756,Consumer Services,Real Estate Investment Trusts
DLTR,Dollar Tree Inc. Common Stock,$156.07,-1.82,-1.153%,35132969047.00,United States,1995,2832134,Consumer Services,Department/Specialty Retail Stores
DOCU,DocuSign Inc. Common Stock,$67.60,-2.69,-3.827%,13513465784.00,United States,2018,6198098,Technology,EDP Services
DOV,Dover Corporation Common Stock,$130.08,0.13,0.10%,18752778194.00,United States,,1075562,Capital Goods,Industrial Machinery/Components
DOW,Dow Inc. Common Stock ,$66.79,0.98,1.489%,48629922027.00,,2019,5682950,Basic Industries,Industrial Specialties
DPZ,Domino's Pizza Inc Common Stock,$325.13,-10.59,-3.154%,11719332634.00,United States,2004,513393,Consumer Non-Durables,Food Distributors
DRE,Duke Realty Corporation Common Stock,$53.46,3.88,7.826%,20552971089.00,United States,,10372276,Consumer Services,Real Estate Investment Trusts
DRI,Darden Restaurants Inc. Common Stock,$121.51,-5.39,-4.247%,15156469653.00,United States,,1315669,Consumer Services,Restaurants
DTE,DTE Energy Company Common Stock,$130.11,1.70,1.324%,25207402888.00,United States,,925706,Public Utilities,Electric Utilities: Central
DUK,Duke Energy Corporation (Holding Company) Common Stock,$109.91,1.00,0.918%,84619761977.00,United States,,3081349,Public Utilities,Power Generation
DVN,Devon Energy Corporation Common Stock,$64.68,0.92,1.443%,42688800000.00,United States,,12599007,Energy,Oil & Gas Production
DXCM,DexCom Inc. Common Stock,$314.94,-12.49,-3.815%,30903781339.00,United States,2005,978070,Health Care,Medical Specialities
E,ENI S.p.A. Common Stock,$28.17,0.10,0.356%,49857472753.00,Italy,,465028,Energy,Oil & Gas Production
EA,Electronic Arts Inc. Common Stock,$120.49,8.89,7.966%,33884471071.00,United States,,7986115,Technology,Computer Software: Prepackaged Software
EBAY,eBay Inc. Common Stock,$46.58,-2.01,-4.137%,26077446648.00,United States,1998,7084423,Consumer Services,Catalog/Specialty Distribution
EBR,Centrais Electricas Brasileiras S A American Depositary Shares (Each representing one Common Share),$7.68,-0.05,-0.647%,12049389389.00,,2016,1558156,Public Utilities,Electric Utilities: Central
EC,Ecopetrol S.A. American Depositary Shares,$15.12,-0.04,-0.264%,31084221178.00,Colombia,,1025678,Energy,Oil & Gas Production
ECL,Ecolab Inc. Common Stock,$160.25,-0.11,-0.069%,45776240512.00,United States,,957241,Consumer Non-Durables,Package Goods/Cosmetics
ED,Consolidated Edison Inc. Common Stock,$94.28,1.63,1.759%,33402926755.00,United States,,1662363,Public Utilities,Power Generation
EFX,Equifax Inc. Common Stock,$191.56,-8.84,-4.411%,23434515396.00,United States,,929811,Technology,Advertising
EIX,Edison International Common Stock,$68.42,0.93,1.378%,26081721584.00,United States,,1696264,Public Utilities,Electric Utilities: Central
EL,Estee Lauder Companies Inc. (The) Common Stock,$229.49,-0.19,-0.083%,82007608928.00,United States,1995,1724426,Consumer Non-Durables,Package Goods/Cosmetics
ELP,Companhia Paranaense de Energia (COPEL) American Depositary Shares (each representing one Unit consisting one Common Share and four non-voting Class B Preferred Shares),$6.29,-0.04,-0.632%,17212923088.00,Brazil,2021,840815,Public Utilities,Electric Utilities: Central
ELS,Equity Lifestyle Properties Inc. Common Stock,$68.94,0.25,0.364%,12823634534.00,United States,,927264,Consumer Services,Real Estate Investment Trusts
EMN,Eastman Chemical Company Common Stock,$101.86,-0.28,-0.274%,13127957495.00,United States,,826989,Basic Industries,Major Chemicals
EMR,Emerson Electric Company Common Stock,$83.13,-0.48,-0.574%,49379220000.00,United States,,3788887,Capital Goods,Industrial Machinery/Components
ENB,Enbridge Inc Common Stock,$43.13,0.19,0.442%,87397877441.00,Canada,,8063507,Energy,Oil & Gas Production
ENIA,Enel Americas S.A. American Depositary Shares,$5.41,0.03,0.558%,11607879783.00,Chile,,1461005,Public Utilities,Electric Utilities: Central
ENPH,Enphase Energy Inc. Common Stock,$137.55,-14.10,-9.298%,18573134274.00,United States,2012,3170288,Capital Goods,Electrical Products
ENTG,Entegris Inc. Common Stock,$101.51,-4.46,-4.209%,13793491857.00,United States,2000,1480313,Technology,Semiconductors
EOG,EOG Resources Inc. Common Stock,$121.29,1.73,1.447%,71041187140.00,United States,,4167275,Energy,Oil & Gas Production
EPAM,EPAM Systems Inc. Common Stock,$296.06,-23.56,-7.371%,16916605499.00,United States,2012,722421,Technology,EDP Services
EPD,Enterprise Products Partners L.P. Common Stock,$25.89,-0.07,-0.27%,56346467507.00,United States,,7073754,Public Utilities,Natural Gas Distribution
EQH,Equitable Holdings Inc. Common Stock,$27.21,-0.47,-1.698%,10599869371.00,United States,2018,4766403,,
EQIX,Equinix Inc. Common Stock REIT,$624.17,-5.88,-0.933%,56813078154.00,United States,2000,741692,Consumer Services,Real Estate Investment Trusts
EQNR,Equinor ASA,$33.54,0.42,1.268%,108032096533.00,Norway,,3500794,Energy,Integrated oil Companies
EQR,Equity Residential Common Shares of Beneficial Interest,$73.83,1.04,1.429%,27763169712.00,United States,,2019966,Consumer Services,Real Estate Investment Trusts
EQT,EQT Corporation Common Stock,$37.81,1.21,3.306%,13972145006.00,United States,,8238706,Energy,Oil & Gas Production
ERIC,Ericsson American Depositary Shares,$7.46,-0.20,-2.611%,24871640000.00,Sweden,,11199571,Technology,Computer Software: Prepackaged Software
ES,Eversource Energy (D/B/A) Common Stock,$89.29,0.16,0.18%,30794168763.00,United States,,1333106,Public Utilities,Electric Utilities: Central
ESS,Essex Property Trust Inc. Common Stock,$288.73,2.25,0.785%,18863604020.00,United States,1994,592220,Consumer Services,Real Estate Investment Trusts
ET,Energy Transfer LP Common Units ,$10.73,0.04,0.374%,33107776065.00,United States,,19488122,Public Utilities,Natural Gas Distribution
ETN,Eaton Corporation PLC Ordinary Shares,$140.81,-0.17,-0.121%,56183190000.00,Ireland,,1852282,Capital Goods,Industrial Machinery/Components
ETR,Entergy Corporation Common Stock,$117.72,1.41,1.212%,23941223538.00,United States,,1602896,Public Utilities,Electric Utilities: Central
EVRG,Evergy Inc. Common Stock,$66.96,0.51,0.767%,15365865361.00,,2018,1059016,Public Utilities,Power Generation
EW,Edwards Lifesciences Corporation Common Stock,$93.27,-1.56,-1.645%,57990784417.00,United States,,3435055,Health Care,Industrial Specialties
EXC,Exelon Corporation Common Stock,$47.62,0.86,1.839%,46674122416.00,United States,,9406181,Public Utilities,Power Generation
EXPD,Expeditors International of Washington Inc. Common Stock,$107.99,-1.04,-0.954%,18085841230.00,United States,,1749154,Transportation,Oil Refining/Marketing
EXPE,Expedia Group Inc. Common Stock,$133.22,0.88,0.665%,20928573046.00,United States,,4301822,Transportation,Other Consumer Services
EXR,Extra Space Storage Inc Common Stock,$174.96,-0.32,-0.183%,23493604656.00,United States,2004,886185,Consumer Services,Real Estate Investment Trusts
F,Ford Motor Company Common Stock,$12.83,-0.52,-3.895%,51573589505.00,United States,,71409155,Capital Goods,Auto Manufacturing
FANG,Diamondback Energy Inc. Commmon Stock,$125.27,-1.52,-1.199%,22234501885.00,United States,2012,2696711,Energy,Oil & Gas Production
FAST,Fastenal Company Common Stock,$50.58,-1.32,-2.543%,29114153099.00,United States,1987,4484378,Consumer Durables,Industrial Distribution
FCNCA,First Citizens BancShares Inc. Class A Common Stock,$632.66,-10.39,-1.616%,10108903401.00,United States,,160829,Finance,Major Banks
FCX,Freeport-McMoRan Inc. Common Stock,$35.91,-0.16,-0.444%,52069500000.00,United States,,22533855,Basic Industries,Precious Metals
FDS,FactSet Research Systems Inc. Common Stock,$365.79,-1.33,-0.362%,13862189632.00,United States,1996,258132,Technology,Advertising
FDX,FedEx Corporation Common Stock,$207.20,-0.86,-0.413%,53701729049.00,United States,,2806366,Transportation,Air Freight/Delivery Services
FE,FirstEnergy Corp. Common Stock,$42.36,0.31,0.737%,24184690534.00,United States,,3922276,Public Utilities,Electric Utilities: Central
FERG,Ferguson plc Ordinary Shares,$115.40,-0.32,-0.277%,24878946135.00,,2021,2803086,Consumer Durables,Industrial Machinery/Components
FHN,First Horizon Corporation Common Stock,$21.56,-0.28,-1.282%,11531921881.00,United States,,8065386,Finance,Major Banks
FIS,Fidelity National Information Services Inc. Common Stock,$93.45,-1.29,-1.362%,57076572004.00,United States,,4061845,Miscellaneous,Business Services
FISV,Fiserv Inc. Common Stock,$92.58,-0.20,-0.216%,59843162538.00,United States,1986,3993545,Technology,EDP Services
FITB,Fifth Third Bancorp Common Stock,$35.86,-0.72,-1.968%,24596553300.00,United States,,7171145,Finance,Major Banks
FLT,FleetCor Technologies Inc. Common Stock,$227.19,3.59,1.606%,17571060441.00,United States,2010,1262484,Technology,EDP Services
FMC,FMC Corporation Common Stock,$115.51,2.84,2.521%,14547245655.00,United States,,1126433,Basic Industries,Agricultural Chemicals
FMS,Fresenius Medical Care AG Common Stock,$30.01,-0.56,-1.832%,17587497286.00,Germany,,680907,Health Care,Medical/Nursing Services
FMX,Fomento Economico Mexicano S.A.B. de C.V. Common Stock,$70.30,0.51,0.731%,125774653391.00,Mexico,,776247,Consumer Non-Durables,Beverages (Production/Distribution)
FNF,FNF Group of Fidelity National Financial Inc. Common Stock,$39.71,0.06,0.151%,11146620469.00,United States,2014,1951949,Finance,Specialty Insurers
FNV,Franco-Nevada Corporation,$140.08,-0.66,-0.469%,26822759618.00,Canada,,777869,,
FOX,Fox Corporation Class B Common Stock,$30.56,0.66,2.207%,17202303884.00,United States,,1747326,Consumer Services,Broadcasting
FOXA,Fox Corporation Class A Common Stock,$33.21,0.79,2.437%,18693995811.00,United States,,3779767,Consumer Services,Broadcasting
FRC,FIRST REPUBLIC BANK Common Stock,$139.53,-3.14,-2.201%,25059969615.00,United States,,870731,Finance,Commercial Banks
FTNT,Fortinet Inc. Common Stock,$260.96,-0.83,-0.317%,41891159062.00,United States,2009,3133117,Miscellaneous,Diversified Manufacture
FTS,Fortis Inc. Common Shares,$48.61,-0.51,-1.038%,23191831000.00,,2016,1831282,Public Utilities,Electric Utilities: Central
FTV,Fortive Corporation Common Stock ,$57.58,-0.83,-1.421%,20639430024.00,,2016,2393796,Capital Goods,Industrial Machinery/Components
FWONA,Liberty Media Corporation Series A Liberty Formula One Common Stock,$53.53,1.22,2.332%,12431086579.00,United States,,177698,Consumer Services,Broadcasting
FWONK,Liberty Media Corporation Series C Liberty Formula One Common Stock,$58.47,1.94,3.432%,13578285677.00,United States,,2227995,Consumer Services,Broadcasting
GD,General Dynamics Corporation Common Stock,$226.94,-2.36,-1.029%,63022398798.00,United States,,1830812,Capital Goods,Aerospace
GDDY,GoDaddy Inc. Class A Common Stock,$69.50,-1.24,-1.753%,11241815917.00,United States,2015,2423844,Technology,EDP Services
GE,General Electric Company Common Stock,$72.44,-0.87,-1.187%,79732171006.00,United States,,7765299,Consumer Durables,Metal Fabrications
GFI,Gold Fields Limited American Depositary Shares,$11.45,0.06,0.527%,10204745311.00,South Africa,,4246294,Basic Industries,Precious Metals
GFS,GlobalFoundries Inc. Ordinary Shares,$49.03,-3.70,-7.017%,26076396828.00,United States,2021,5086242,,
GIB,CGI Inc. Common Stock,$77.83,-0.51,-0.651%,18652507657.00,Canada,,245210,,
GILD,Gilead Sciences Inc. Common Stock,$60.56,-1.22,-1.975%,75961222411.00,United States,1992,10223990,Health Care,Biotechnology: Pharmaceutical Preparations
GIS,General Mills Inc. Common Stock,$71.80,0.06,0.084%,43238823826.00,United States,,2656556,Consumer Services,Food Chains
GLPI,Gaming and Leisure Properties Inc. Common Stock,$42.53,0.01,0.024%,10528060908.00,United States,,1070776,Consumer Services,Real Estate Investment Trusts
GLW,Corning Incorporated Common Stock,$34.88,-1.12,-3.111%,29460083930.00,United States,,5454005,Capital Goods,Industrial Machinery/Components
GM,General Motors Company Common Stock,$37.27,-1.43,-3.695%,54348639349.00,United States,2010,17989892,Capital Goods,Auto Manufacturing
GMAB,Genmab A/S ADS,$27.98,-1.46,-4.959%,18311739317.00,Denmark,2019,1062389,Health Care,Biotechnology: Commercial Physical & Biological Resarch
GNRC,Generac Holdlings Inc. Common Stock,$204.62,-18.71,-8.378%,13082429218.00,United States,2010,1184761,Consumer Durables,Metal Fabrications
GOLD,Barrick Gold Corporation Common Stock (BC),$21.23,-0.06,-0.282%,37775733145.00,Canada,,20784225,,
GPC,Genuine Parts Company Common Stock,$129.26,-1.69,-1.291%,18302593872.00,United States,,648099,Capital Goods,Automotive Aftermarket
GPN,Global Payments Inc. Common Stock,$117.24,-1.69,-1.421%,33007704111.00,United States,,1542405,Miscellaneous,Business Services
GRMN,Garmin Ltd. Common Stock (Switzerland),$97.95,-3.29,-3.25%,18916597276.00,Switzerland,2000,870282,Capital Goods,Industrial Machinery/Components
GS,Goldman Sachs Group Inc. (The) Common Stock,$301.55,-3.51,-1.151%,103566377715.00,United States,1999,2318295,Finance,Investment Bankers/Brokers/Service
GSK,GlaxoSmithKline PLC Common Stock,$42.53,-0.89,-2.05%,108110718721.00,United Kingdom,,8996596,Health Care,Biotechnology: Pharmaceutical Preparations
GWW,W.W. Grainger Inc. Common Stock,$459.18,-10.15,-2.163%,23464862994.00,United States,,430982,Consumer Non-Durables,Telecommunications Equipment
HAL,Halliburton Company Common Stock,$34.69,0.39,1.137%,31289544040.00,United States,,9592654,Energy,Oil & Gas Production
HAS,Hasbro Inc. Common Stock,$87.59,-1.03,-1.162%,12213760429.00,United States,,1301458,Consumer Non-Durables,Recreational Products/Toys
HBAN,Huntington Bancshares Incorporated Common Stock,$12.78,-0.32,-2.443%,18392652142.00,United States,,12081470,Finance,Major Banks
HCA,HCA Healthcare Inc. Common Stock,$209.53,-14.96,-6.664%,61912846332.00,United States,2011,2962693,Health Care,Hospital/Nursing Management
HDB,HDFC Bank Limited Common Stock,$53.35,-0.38,-0.707%,98670561878.00,India,2001,2640203,Finance,Commercial Banks
HEI,Heico Corporation Common Stock,$133.06,-2.38,-1.757%,18079593365.00,United States,,312827,Capital Goods,Military/Government/Technical
HES,Hess Corporation Common Stock,$109.69,3.92,3.706%,34142388780.00,United States,,3484152,Energy,Oil & Gas Production
HIG,Hartford Financial Services Group Inc. (The) Common Stock,$69.80,-0.22,-0.314%,22954750755.00,United States,,1447133,Finance,Property-Casualty Insurers
HLT,Hilton Worldwide Holdings Inc. Common Stock ,$134.51,-3.28,-2.38%,37438395622.00,,2016,2720566,Consumer Services,Hotels/Resorts
HMC,Honda Motor Company Ltd. Common Stock,$24.73,-0.90,-3.512%,42328828439.00,Japan,,1950458,Capital Goods,Auto Manufacturing
HOLX,Hologic Inc. Common Stock,$73.49,0.17,0.232%,18327005722.00,United States,1990,2230043,Health Care,Medical Electronics
HON,Honeywell International Inc. Common Stock,$192.02,-2.75,-1.412%,130714337219.00,United States,,3283458,Finance,Diversified Financial Service
HPE,Hewlett Packard Enterprise Company Common Stock,$15.58,-0.64,-3.946%,20256114829.00,United States,2015,8743187,Capital Goods,Telecommunications Equipment
HPQ,HP Inc. Common Stock,$35.86,-1.68,-4.475%,37773697588.00,United States,,10102623,Technology,Computer Manufacturing
HRL,Hormel Foods Corporation Common Stock,$52.20,0.08,0.153%,28448875242.00,United States,,1369153,Consumer Non-Durables,Meat/Poultry/Fish
HSBC,HSBC Holdings plc. Common Stock,$30.28,-0.47,-1.528%,121855363153.00,United Kingdom,,3784169,Finance,Savings Institutions
HSIC,Henry Schein Inc. Common Stock,$84.53,-0.03,-0.035%,11669432518.00,United States,1995,914850,Health Care,Medical Specialities
HST,Host Hotels & Resorts Inc. Common Stock,$19.29,-0.21,-1.077%,13788050799.00,United States,,8920321,Consumer Services,Real Estate Investment Trusts
HSY,The Hershey Company Common Stock,$224.63,1.48,0.663%,46184971631.00,United States,,1002832,Consumer Non-Durables,Specialty Foods
HUBB,Hubbell Inc Common Stock,$189.24,-2.64,-1.376%,10154855896.00,United States,2015,289688,Capital Goods,Industrial Machinery/Components
HUBS,HubSpot Inc. Common Stock,$310.00,-15.16,-4.662%,14808407050.00,United States,2014,1130550,Technology,Computer Software: Prepackaged Software
HUM,Humana Inc. Common Stock,$431.73,-1.07,-0.247%,54610996445.00,United States,,925122,Health Care,Medical Specialities
HWM,Howmet Aerospace Inc. Common Stock,$33.54,-0.44,-1.295%,14016838545.00,United States,,2327037,Capital Goods,Industrial Machinery/Components
HZNP,Horizon Therapeutics Public Limited Company Ordinary Shares,$87.75,-1.60,-1.791%,20172327757.00,Ireland,2011,2418612,Health Care,Biotechnology: Pharmaceutical Preparations
IBM,International Business Machines Corporation Common Stock,$130.75,1.62,1.255%,117601168744.00,United States,,5299731,Technology,EDP Services
IBN,ICICI Bank Limited Common Stock,$18.18,-0.18,-0.98%,63174781817.00,India,,7351932,Finance,Commercial Banks
ICE,Intercontinental Exchange Inc. Common Stock,$94.55,-1.92,-1.99%,52784078570.00,United States,2005,4052714,Finance,Investment Bankers/Brokers/Service
ICL,ICL Group Ltd. Ordinary Shares,$11.33,1.07,10.429%,14583420173.00,Israel,2014,2348635,Basic Industries,Agricultural Chemicals
ICLR,ICON plc Ordinary Shares,$204.85,-5.10,-2.429%,16652873508.00,Ireland,1998,601172,Health Care,Biotechnology: Commercial Physical & Biological Resarch
IDXX,IDEXX Laboratories Inc. Common Stock,$333.90,-6.28,-1.846%,28050015099.00,United States,1991,889185,Health Care,Biotechnology: In Vitro & In Vivo Diagnostic Substances
IEP,Icahn Enterprises L.P. Common Stock,$53.46,0.46,0.868%,16410526387.00,United States,,493567,Finance,Diversified Financial Service
IEX,IDEX Corporation Common Stock,$182.54,-2.25,-1.218%,13874063502.00,United States,1989,618420,Capital Goods,Fluid Controls
IFF,International Flavors & Fragrances Inc. Common Stock,$128.00,2.50,1.992%,32607324288.00,United States,,2963963,Basic Industries,Major Chemicals
IHG,Intercontinental Hotels Group American Depositary Shares (Each representing one Ordinary Share),$60.07,-0.38,-0.629%,11053859862.00,United Kingdom,,168861,Consumer Services,Hotels/Resorts
ILMN,Illumina Inc. Common Stock,$213.05,-6.62,-3.014%,33470155000.00,United States,2000,1742996,Health Care,Medical Specialities
IMO,Imperial Oil Limited Common Stock,$47.82,-0.47,-0.973%,31998452403.00,Canada,,562897,,
INCY,Incyte Corp. Common Stock,$73.91,-2.23,-2.929%,16371435363.00,United States,,1125370,Health Care,Biotechnology: Commercial Physical & Biological Resarch
INFY,Infosys Limited American Depositary Shares,$19.41,-0.35,-1.771%,81386380952.00,India,,8503152,Technology,EDP Services
ING,ING Group N.V. Common Stock,$9.28,-0.16,-1.695%,34926711570.00,Netherlands,1997,8379157,Finance,Commercial Banks
INTC,Intel Corporation Common Stock,$42.83,-1.18,-2.681%,175131870000.00,United States,,40319431,Technology,Semiconductors
INTU,Intuit Inc. Common Stock,$356.17,-15.02,-4.046%,100729319221.00,United States,1993,2562646,Technology,Computer Software: Prepackaged Software
INVH,Invitation Homes Inc. Common Stock,$35.83,-0.02,-0.056%,21867796056.00,United States,2017,3396551,Consumer Services,Real Estate Investment Trusts
IP,International Paper Company Common Stock,$47.67,-0.18,-0.376%,17667900590.00,United States,,3137871,Basic Industries,Containers/Packaging
IPG,Interpublic Group of Companies Inc. (The) Common Stock,$30.96,-0.94,-2.947%,12187843291.00,United States,,2961398,Technology,Advertising
IQV,IQVIA Holdings Inc. Common Stock,$200.96,-2.25,-1.107%,38037514874.00,United States,2013,1097879,Health Care,Managed Health Care
IR,Ingersoll Rand Inc. Common Stock,$42.68,0.32,0.755%,17325086894.00,United States,2017,3639463,Capital Goods,Industrial Machinery/Components
IRM,Iron Mountain Incorporated (Delaware)Common Stock REIT,$50.55,-0.95,-1.845%,14687885746.00,United States,,1853425,Consumer Services,Real Estate Investment Trusts
ISRG,Intuitive Surgical Inc. Common Stock,$210.87,-0.52,-0.246%,75693159475.00,United States,2000,2690183,Health Care,Medical/Dental Instruments
IT,Gartner Inc. Common Stock,$244.77,-1.24,-0.504%,19713542779.00,United States,1993,864212,Finance,Diversified Commercial Services
ITUB,Itau Unibanco Banco Holding SA American Depositary Shares (Each repstg 500 Preferred shares),$4.62,0.11,2.439%,45183094678.00,Brazil,,62214382,Finance,Major Banks
ITW,Illinois Tool Works Inc. Common Stock,$203.83,0.27,0.133%,63481420167.00,United States,,1040075,Capital Goods,Industrial Machinery/Components
IX,Orix Corp Ads Common Stock,$86.83,-1.23,-1.397%,20758667954.00,Japan,,44846,Finance,Diversified Financial Services
J,Jacobs Engineering Group Inc. Common Stock,$130.73,0.57,0.438%,16815442746.00,United States,,696517,Capital Goods,Oilfield Services/Equipment
JBHT,J.B. Hunt Transport Services Inc. Common Stock,$169.60,-2.54,-1.476%,17771196800.00,United States,,786320,Transportation,Trucking Freight/Courier Services
JCI,Johnson Controls International plc Ordinary Share,$51.03,-0.17,-0.332%,35499983712.00,Switzerland,,8964561,Capital Goods,Industrial Machinery/Components
JD,JD.com Inc. American Depositary Shares,$49.83,-1.82,-3.524%,77821882609.00,China,2014,13265326,Miscellaneous,Business Services
JHX,James Hardie Industries plc American Depositary Shares (Ireland),$26.42,-0.61,-2.257%,11766118810.00,Ireland,,85219,Capital Goods,Building Materials
JKHY,Jack Henry & Associates Inc. Common Stock,$178.18,-0.69,-0.386%,12982516771.00,United States,1985,655974,Technology,Retail: Computer Software & Peripheral Equipment
K,Kellogg Company Common Stock,$72.38,-0.55,-0.754%,24455217558.00,United States,,2987356,Consumer Non-Durables,Packaged Foods
KB,KB Financial Group Inc,$44.19,-1.05,-2.321%,15574594750.00,South Korea,,232371,Finance,Commercial Banks
KDP,Keurig Dr Pepper Inc. Common Stock,$37.42,0.42,1.135%,53082022453.00,United States,,9595859,Consumer Non-Durables,Beverages (Production/Distribution)
KEP,Korea Electric Power Corporation Common Stock,$8.51,-0.14,-1.618%,10926228591.00,South Korea,1994,160183,Consumer Durables,Electrical Products
KEY,KeyCorp Common Stock,$18.58,-0.34,-1.797%,17325308746.00,United States,,9088114,Finance,Major Banks
KEYS,Keysight Technologies Inc. Common Stock,$131.03,-4.06,-3.005%,23844191850.00,United States,2014,785173,Capital Goods,Industrial Machinery/Components
KHC,The Kraft Heinz Company Common Stock,$43.50,0.04,0.092%,53241909347.00,United States,,6520107,Consumer Non-Durables,Farming/Seeds/Milling
KIM,Kimco Realty Corporation Common Stock,$22.19,-0.54,-2.376%,13713571203.00,United States,,5980811,Consumer Services,Real Estate Investment Trusts
KKR,KKR & Co. Inc. Common Stock,$50.15,-1.01,-1.974%,29719253638.00,United States,,6937733,Finance,Investment Managers
KLAC,KLA Corporation Common Stock,$311.63,-11.59,-3.586%,46506118320.00,United States,1980,1318317,Capital Goods,Electronic Components
KMB,Kimberly-Clark Corporation Common Stock,$138.91,-0.04,-0.029%,46802320233.00,United States,,1559337,Basic Industries,Paper
KMI,Kinder Morgan Inc. Common Stock,$18.52,0.00,0.00%,41993591163.00,United States,2011,18116779,Public Utilities,Natural Gas Distribution
KMX,CarMax Inc,$89.79,-2.43,-2.635%,14414694270.00,United States,,1695950,Consumer Services,Other Specialty Stores
KOF,Coca Cola Femsa S.A.B. de C.V.  American Depositary Shares each representing 10 Units (each Unit consists of 3 Series B Shares and 5 Series L Shares),$53.58,-0.15,-0.279%,11256259249.00,Mexico,1993,104191,Consumer Non-Durables,Beverages (Production/Distribution)
KR,Kroger Company (The) Common Stock,$54.33,-0.86,-1.558%,39168567462.00,United States,,6442082,Consumer Services,Food Chains
L,Loews Corporation Common Stock,$62.38,-0.35,-0.558%,15352219847.00,United States,,883231,Finance,Property-Casualty Insurers
LBRDA,Liberty Broadband Corporation Class A Common Stock,$106.94,-3.68,-3.327%,17407092732.00,United States,,378148,Consumer Services,Telecommunications Equipment
LBRDK,Liberty Broadband Corporation Class C Common Stock,$111.95,-2.86,-2.491%,18222592401.00,United States,,1514222,Consumer Services,Telecommunications Equipment
LBTYA,Liberty Global plc Class A Ordinary Shares,$21.94,0.06,0.274%,11209726137.00,United Kingdom,,1151228,Consumer Services,Television Services
LBTYB,Liberty Global plc Class B Ordinary Shares,$22.5401,0.00,0.00%,11516333095.00,United Kingdom,,10,Consumer Services,Television Services
LBTYK,Liberty Global plc Class C Ordinary Shares,$22.90,0.05,0.219%,11700215522.00,United Kingdom,,2462352,Consumer Services,Television Services
LCID,Lucid Group Inc. Common Stock,$13.86,-2.09,-13.103%,23116270342.00,United States,,43945309,Capital Goods,Auto Manufacturing
LDOS,Leidos Holdings Inc. Common Stock,$101.21,-0.02,-0.02%,13831570534.00,United States,,895542,Technology,EDP Services
LEN,Lennar Corporation Class A Common Stock,$71.30,-4.46,-5.887%,21068451474.00,United States,,3385858,Consumer Services,Building operators
LFC,China Life Insurance Company Limited American Depositary Shares,$7.02,-0.07,-0.987%,41773127760.00,China,2003,793300,Finance,Life Insurance
LH,Laboratory Corporation of America Holdings Common Stock,$238.59,-2.05,-0.852%,22117293000.00,United States,,692155,Health Care,Medical Specialities
LHX,L3Harris Technologies Inc. Common Stock,$238.48,0.80,0.337%,45996740093.00,United States,,811908,Capital Goods,Industrial Machinery/Components
LI,Li Auto Inc. American Depositary Shares,$20.13,0.46,2.339%,20791425602.00,China,2020,18661263,Capital Goods,Auto Manufacturing
LIN,Linde plc Ordinary Share,$300.45,1.07,0.357%,151043637918.00,,2018,1759220,Basic Industries,Major Chemicals
LKQ,LKQ Corporation Common Stock,$48.79,-0.97,-1.949%,13799419045.00,United States,,1799887,Capital Goods,Automotive Aftermarket
LMT,Lockheed Martin Corporation Common Stock,$440.41,1.28,0.291%,117196172419.00,United States,,1017471,Capital Goods,Aerospace
LNG,Cheniere Energy Inc. Common Stock,$132.61,1.51,1.152%,33701379951.00,United States,,1713850,Public Utilities,Oil/Gas Transmission
LNT,Alliant Energy Corporation Common Stock,$58.21,0.18,0.31%,14599867107.00,United States,,1976576,Public Utilities,Power Generation
LOW,Lowe's Companies Inc. Common Stock,$187.77,-4.36,-2.269%,124138689043.00,United States,,4597962,Consumer Services,RETAIL: Building Materials
LPLA,LPL Financial Holdings Inc. Common Stock,$172.56,0.32,0.186%,13798710012.00,United States,2010,811849,Finance,Investment Bankers/Brokers/Service
LRCX,Lam Research Corporation Common Stock,$447.20,-11.92,-2.596%,62033360074.00,United States,1984,1178727,Technology,Industrial Machinery/Components
LSXMA,Liberty Media Corporation Series A Liberty SiriusXM Common Stock,$39.12,0.24,0.617%,12874234268.00,United States,,1251708,Consumer Services,Broadcasting
LSXMB,Liberty Media Corporation Series B Liberty SiriusXM Common Stock,$41.29,0.00,0.00%,13588372519.00,United States,,1,Consumer Services,Broadcasting
LSXMK,Liberty Media Corporation Series C Liberty SiriusXM Common Stock,$39.08,0.28,0.722%,12861070429.00,United States,,1539724,Consumer Services,Broadcasting
LU,Lufax Holding Ltd American Depositary Shares two of which representing one Ordinary Share,$4.99,0.01,0.201%,11406206321.00,China,2020,5073056,Finance,Finance: Consumer Services
LULU,lululemon athletica inc. Common Stock,$291.30,-10.81,-3.578%,37291969365.00,Canada,2007,1454154,Consumer Services,Department/Specialty Retail Stores
LUMN,Lumen Technologies Inc. Common Stock,$10.61,-0.09,-0.841%,10960717189.00,United States,,14782379,Public Utilities,Telecommunications Equipment
LUV,Southwest Airlines Company Common Stock,$43.01,-1.58,-3.543%,25503056398.00,United States,,5738848,Transportation,Air Freight/Delivery Services
LVS,Las Vegas Sands Corp. Common Stock,$30.33,-0.87,-2.788%,23175430914.00,United States,2004,8754052,Consumer Services,Hotels/Resorts
LYB,LyondellBasell Industries NV Ordinary Shares Class A (Netherlands),$107.40,1.79,1.695%,35182796651.00,Netherlands,,1983808,Basic Industries,Major Chemicals
LYG,Lloyds Banking Group Plc American Depositary Shares,$2.02,-0.03,-1.463%,35093770337.00,United Kingdom,,17241401,Finance,Commercial Banks
LYV,Live Nation Entertainment Inc. Common Stock,$84.13,-4.01,-4.55%,19187013551.00,United States,,3013509,Consumer Services,Movies/Entertainment
MAA,Mid-America Apartment Communities Inc. Common Stock,$177.10,2.82,1.618%,20442229023.00,United States,1994,815553,Consumer Services,Real Estate Investment Trusts
MAR,Marriott International Class A Common Stock,$166.96,-1.13,-0.672%,54645738527.00,United States,,2973767,Consumer Services,Hotels/Resorts
MAS,Masco Corporation Common Stock,$52.36,-0.82,-1.542%,12353841438.00,United States,,2534705,Capital Goods,Building Products
MCD,McDonald's Corporation Common Stock,$244.43,-1.25,-0.509%,180767456100.00,United States,,2833182,Consumer Services,Restaurants
MCHP,Microchip Technology Incorporated Common Stock,$64.56,-3.69,-5.407%,35894761464.00,United States,1993,6486684,Technology,Semiconductors
MCK,McKesson Corporation Common Stock,$332.09,2.26,0.685%,49746543350.00,United States,,1239947,Health Care,Other Pharmaceuticals
MCO,Moody's Corporation Common Stock,$282.18,-2.86,-1.003%,52062210000.00,United States,,950032,Technology,Advertising
MDB,MongoDB Inc. Class A Common Stock,$242.25,-8.24,-3.29%,16367946107.00,United States,2017,2732153,Technology,Retail: Computer Software & Peripheral Equipment
MDLZ,Mondelez International Inc. Class A Common Stock,$65.56,-0.36,-0.546%,90730033314.00,United States,,9727759,Consumer Non-Durables,Meat/Poultry/Fish
MDT,Medtronic plc. Ordinary Shares,$100.65,0.34,0.339%,135025918266.00,United States,,4113419,Health Care,Biotechnology: Electromedical & Electrotherapeutic Apparatus
MELI,MercadoLibre Inc. Common Stock,$679.68,-94.76,-12.236%,34240906126.00,Argentina,2007,1120379,Consumer Services,Catalog/Specialty Distribution
MET,MetLife Inc. Common Stock,$64.12,-0.69,-1.065%,52142763975.00,United States,2000,5218980,Finance,Life Insurance
MFC,Manulife Financial Corporation Common Stock,$18.72,-0.24,-1.266%,36107938115.00,Canada,,5471826,Technology,Advertising
MFG,Mizuho Financial Group Inc. Sponosred ADR (Japan),$2.32,-0.06,-2.521%,29401620629.00,Japan,,1589788,Finance,Major Banks
MGA,Magna International Inc. Common Stock,$56.45,-0.98,-1.706%,16651741634.00,Canada,,1262239,Capital Goods,Auto Parts:O.E.M.
MGM,MGM Resorts International Common Stock,$35.07,-1.13,-3.122%,14941652758.00,United States,,5684598,Consumer Services,Hotels/Resorts
MKC,McCormick & Company Incorporated Common Stock,$98.14,0.17,0.174%,26309026729.00,United States,,647739,Consumer Non-Durables,Farming/Seeds/Milling
MKL,Markel Corporation Common Stock,$1283.18,-4.21,-0.327%,17410070754.00,United States,1986,41955,Finance,Property-Casualty Insurers
MLM,Martin Marietta Materials Inc. Common Stock,$321.56,-6.58,-2.005%,20054244713.00,United States,1994,560547,Capital Goods,Building Materials
MMC,Marsh & McLennan Companies Inc. Common Stock,$156.31,-1.65,-1.045%,78454134198.00,United States,,1407526,Finance,Specialty Insurers
MMM,3M Company Common Stock,$146.41,-2.71,-1.817%,83315906082.00,United States,,2747649,Finance,Diversified Financial Service
MMP,Magellan Midstream Partners L.P. Limited Partnership,$47.55,-0.09,-0.189%,10059742858.00,United States,,1847259,Energy,Oil & Gas Production
MNST,Monster Beverage Corporation,$84.91,0.77,0.915%,44974399168.00,United States,,3479661,Consumer Non-Durables,Beverages (Production/Distribution)
MO,Altria Group Inc.,$51.69,0.12,0.233%,93587705338.00,United States,,16077789,Consumer Non-Durables,Farming/Seeds/Milling
MOH,Molina Healthcare Inc Common Stock,$288.54,-3.96,-1.354%,16937298000.00,United States,2003,434743,Health Care,Medical Specialities
MOS,Mosaic Company (The) Common Stock,$59.46,1.82,3.158%,21524122332.00,United States,,8582193,Basic Industries,Agricultural Chemicals
MPC,Marathon Petroleum Corporation Common Stock,$91.96,0.24,0.262%,49749894131.00,United States,,6410956,Energy,Integrated oil Companies
MPLX,MPLX LP Common Units Representing Limited Partner Interests,$30.03,-0.79,-2.563%,30399484105.00,United States,2012,2917745,Energy,Oil & Gas Production
MPW,Medical Properties Trust Inc. common stock,$17.48,-0.08,-0.456%,10464856480.00,United States,2005,6256478,Consumer Services,Real Estate Investment Trusts
MPWR,Monolithic Power Systems Inc. Common Stock,$386.71,-26.08,-6.318%,18030353750.00,United States,2004,593860,Technology,Semiconductors
MRNA,Moderna Inc. Common Stock,$123.43,-8.89,-6.719%,49095457183.00,United States,2018,7405884,Health Care,Biotechnology: Biological Products (No Diagnostic Substances)
MRO,Marathon Oil Corporation Common Stock,$25.17,0.78,3.198%,17812578921.00,United States,,19226006,Energy,Oil & Gas Production
MRVL,Marvell Technology Inc. Common Stock,$52.54,-2.59,-4.698%,44695398609.00,Bermuda,2000,9421737,Technology,Semiconductors
MS,Morgan Stanley Common Stock,$78.89,-1.37,-1.707%,138001019415.00,United States,,8057062,Finance,Investment Bankers/Brokers/Service
MSCI,MSCI Inc Common Stock,$387.40,-1.49,-0.383%,31483187947.00,United States,,785446,Technology,Advertising
MSI,Motorola Solutions Inc. Common Stock,$201.95,-0.90,-0.444%,33816160557.00,United States,,1059833,Technology,Radio And Television Broadcasting And Communications Equipment
MT,Arcelor Mittal NY Registry Shares NEW,$27.42,-0.34,-1.225%,24106964516.00,Luxembourg,,5738286,Basic Industries,Steel/Iron Ore
MTB,M&T Bank Corporation Common Stock,$164.55,-1.28,-0.772%,29523141398.00,United States,,1226720,Finance,Major Banks
MTCH,Match Group Inc. Common Stock,$69.75,-0.50,-0.712%,19920095289.00,United States,,7697020,Consumer Services,Interactive Media
MTD,Mettler-Toledo International Inc. Common Stock,$1179.40,-40.24,-3.299%,26749151717.00,Switzerland,1997,251158,Health Care,Medical Specialities
MU,Micron Technology Inc. Common Stock,$66.96,-1.95,-2.83%,74772012745.00,United States,,17209189,Technology,Semiconductors
MUFG,Mitsubishi UFJ Financial Group Inc. Common Stock,$5.59,-0.13,-2.273%,70702520189.00,Japan,,5943802,Finance,Commercial Banks
NDAQ,Nasdaq Inc. Common Stock,$143.23,-2.55,-1.749%,23586797570.00,United States,,999197,Finance,Investment Bankers/Brokers/Service
NDSN,Nordson Corporation Common Stock,$207.92,-0.52,-0.249%,12047003314.00,United States,,211176,Capital Goods,Industrial Machinery/Components
NEE,NextEra Energy Inc. Common Stock,$70.20,0.21,0.30%,137907879361.00,United States,,11128974,Public Utilities,Electric Utilities: Central
NEM,Newmont Corporation,$68.42,0.15,0.22%,54301610930.00,United States,,6009495,Basic Industries,Precious Metals
NET,Cloudflare Inc. Class A Common Stock,$54.81,-2.17,-3.808%,17881049148.00,United States,2019,9124869,Technology,EDP Services
NFLX,Netflix Inc. Common Stock,$166.37,-11.29,-6.355%,73913840425.00,United States,2002,12627371,Consumer Services,Movies/Entertainment
NGG,National Grid Transco PLC National Grid PLC (NEW) American Depositary Shares,$72.85,-0.42,-0.573%,53130967609.00,United Kingdom,,384296,Public Utilities,Natural Gas Distribution
NI,NiSource Inc Common Stock,$29.67,0.35,1.194%,12040029953.00,United States,,4772386,Public Utilities,Power Generation
NICE,NICE Ltd American Depositary Shares,$182.69,-4.83,-2.576%,11589425192.00,Israel,,338118,Technology,Computer Manufacturing
NIO,NIO Inc. American depositary shares each  representing one Class A ordinary share,$12.71,-0.73,-5.432%,21231494260.00,,2018,85836703,Capital Goods,Auto Manufacturing
NKE,Nike Inc. Common Stock,$107.92,-1.57,-1.434%,169840985254.00,United States,,6609456,Consumer Non-Durables,Shoe Manufacturing
NLOK,NortonLifeLock Inc. Common Stock,$24.35,-0.16,-0.653%,14168322825.00,United States,,6767534,Technology,Computer Software: Prepackaged Software
NMR,Nomura Holdings Inc ADR American Depositary Shares,$3.59,-0.08,-2.18%,10833916403.00,Japan,,1170640,Finance,Investment Bankers/Brokers/Service
NOC,Northrop Grumman Corporation Common Stock,$446.48,-3.49,-0.776%,69402906347.00,United States,,805093,Miscellaneous,Diversified Manufacture
NOK,Nokia Corporation Sponsored American Depositary Shares,$4.69,-0.12,-2.495%,26448584016.00,Finland,1994,47781261,Technology,Radio And Television Broadcasting And Communications Equipment
NOW,ServiceNow Inc. Common Stock,$420.36,-11.96,-2.766%,84265315998.00,United States,2012,1894233,Technology,Computer Software: Prepackaged Software
NSC,Norfolk Southern Corporation Common Stock,$246.54,0.79,0.321%,58758498002.00,United States,,876425,Transportation,Railroads
NTAP,NetApp Inc. Common Stock,$69.74,-3.28,-4.492%,15519692441.00,United States,1995,2091078,Technology,Electronic Components
NTES,NetEase Inc. American Depositary Shares,$87.84,-0.16,-0.182%,57693149847.00,China,,2256171,Miscellaneous,Business Services
NTR,Nutrien Ltd. Common Shares,$97.03,2.74,2.906%,53492638515.00,,2018,3227827,Capital Goods,Aerospace
NTRS,Northern Trust Corporation Common Stock,$101.89,-1.86,-1.793%,21231819147.00,United States,,589477,Finance,Trusts Except Educational Religious and Charitable
NU,Nu Holdings Ltd. Class A Ordinary Shares,$3.69,-0.68,-15.561%,17010857735.00,,2021,27915939,,
NUE,Nucor Corporation Common Stock,$125.97,-3.56,-2.748%,33508020000.00,United States,,2457134,Basic Industries,Steel/Iron Ore
NVR,NVR Inc. Common Stock,$4110.99,-163.22,-3.819%,13523784029.00,United States,,22056,Capital Goods,Homebuilding
NVS,Novartis AG Common Stock,$84.04,-0.35,-0.415%,185946904000.00,Switzerland,,2674078,Health Care,Biotechnology: Pharmaceutical Preparations
NWG,NatWest Group plc American Depositary Shares,$5.00,-0.11,-2.153%,26324578985.00,United Kingdom,,3146413,Finance,Commercial Banks
NXPI,NXP Semiconductors N.V. Common Stock,$170.87,-7.57,-4.242%,44864445667.00,Netherlands,2010,3659805,Technology,Semiconductors
O,Realty Income Corporation Common Stock,$63.80,0.30,0.472%,38381971923.00,United States,,4442708,Consumer Services,Real Estate Investment Trusts
ODFL,Old Dominion Freight Line Inc. Common Stock,$270.83,-3.33,-1.215%,30699598821.00,United States,1991,753528,Transportation,Trucking Freight/Courier Services
OKE,ONEOK Inc. Common Stock,$61.78,-0.70,-1.12%,27591938395.00,United States,,2902883,Public Utilities,Oil & Gas Production
OKTA,Okta Inc. Class A Common Stock,$84.46,-7.11,-7.765%,13234555900.00,United States,2017,3947915,Technology,EDP Services
OMC,Omnicom Group Inc. Common Stock,$74.77,-0.86,-1.137%,15382632783.00,United States,,1255510,Technology,Advertising
ON,ON Semiconductor Corporation Common Stock,$51.77,-2.10,-3.898%,22494358174.00,United States,,6714199,Technology,Semiconductors
ORAN,Orange,$12.12,-0.21,-1.703%,32223242154.00,France,,857225,Public Utilities,Telecommunications Equipment
ORCL,Oracle Corporation Common Stock,$71.03,-1.50,-2.068%,189519191710.00,United States,1986,6928932,Technology,Computer Software: Prepackaged Software
ORLY,O'Reilly Automotive Inc. Common Stock,$607.53,-4.28,-0.70%,39930172918.00,United States,1993,810140,Consumer Services,Other Specialty Stores
OTIS,Otis Worldwide Corporation Common Stock ,$72.90,0.13,0.179%,30821713728.00,,2020,3214419,,
OVV,Ovintiv Inc. (DE),$43.18,-0.76,-1.73%,11170316069.00,Canada,,7614464,Energy,Oil & Gas Production
OXY,Occidental Petroleum Corporation Common Stock,$60.10,0.69,1.161%,56308242740.00,United States,,36307189,Energy,Oil & Gas Production
PANW,Palo Alto Networks Inc. Common Stock,$466.67,-17.37,-3.589%,45959711681.00,United States,,2131134,Technology,EDP Services
PARA,Paramount Global Class B Common Stock,$26.69,-0.73,-2.662%,17324492825.00,United States,,7061275,Consumer Services,Movies/Entertainment
PARAA,Paramount Global Class A Common Stock,$29.00,-0.74,-2.488%,18823915022.00,United States,,41001,Consumer Services,Movies/Entertainment
PAYC,Paycom Software Inc. Common Stock,$266.14,-17.84,-6.282%,16035999294.00,,2014,533842,Technology,Computer Software: Prepackaged Software
PAYX,Paychex Inc. Common Stock,$118.22,-1.12,-0.938%,42679475728.00,United States,1983,2805560,Miscellaneous,Business Services
PBA,Pembina Pipeline Corp. Ordinary Shares (Canada),$37.51,0.28,0.752%,20790892760.00,Canada,,1370851,Energy,Oil & Gas Production
PBR,Petroleo Brasileiro S.A.- Petrobras Common Stock,$14.08,0.62,4.606%,91833258387.00,Brazil,,39053828,Energy,Oil & Gas Production
PCAR,PACCAR Inc. Common Stock,$82.61,-1.14,-1.361%,28722110969.00,United States,,1712899,Capital Goods,Auto Manufacturing
PCG,Pacific Gas & Electric Co. Common Stock,$12.03,0.26,2.209%,23909344569.00,United States,,15251390,Public Utilities,Power Generation
PDD,Pinduoduo Inc. American Depositary Shares,$33.84,-1.72,-4.837%,42786811039.00,China,2018,11420621,Miscellaneous,Business Services
PEAK,Healthpeak Properties Inc. Common Stock,$29.58,0.25,0.852%,15960100586.00,United States,,4706233,Consumer Services,Real Estate Investment Trusts
PEG,Public Service Enterprise Group Incorporated Common Stock,$68.95,0.62,0.907%,34423899500.00,United States,,2394551,Public Utilities,Electric Utilities: Central
PFG,Principal Financial Group Inc Common Stock,$68.07,-1.06,-1.533%,17200215332.00,United States,2001,1359043,Finance,Specialty Insurers
PGR,Progressive Corporation (The) Common Stock,$107.87,-0.40,-0.369%,63090735062.00,United States,,2404361,Finance,Property-Casualty Insurers
PH,Parker-Hannifin Corporation Common Stock,$264.89,-0.85,-0.32%,34004461199.00,United States,,558126,Capital Goods,Office Equipment/Supplies/Services
PHG,Koninklijke Philips N.V. NY Registry Shares,$24.30,-0.53,-2.135%,21123941400.00,Netherlands,,2600612,Health Care,Biotechnology: Electromedical & Electrotherapeutic Apparatus
PINS,Pinterest Inc. Class A Common Stock,$18.89,-1.33,-6.578%,12533230687.00,,2019,13648483,Consumer Services,Interactive Media
PKG,Packaging Corporation of America Common Stock,$158.83,-1.39,-0.868%,14882557149.00,United States,2000,490914,Basic Industries,Paper
PKI,PerkinElmer Inc. Common Stock,$142.05,-2.97,-2.048%,17920655545.00,United States,,697684,Health Care,Medical Specialities
PKX,POSCO Holdings Inc. American Depositary Shares (Each representing 1/4th of a share of Common Stock),$53.26,-0.32,-0.597%,16793802381.00,South Korea,1994,278245,Basic Industries,Steel/Iron Ore
PLD,Prologis Inc. Common Stock,$123.74,-1.67,-1.332%,91600638580.00,United States,,8548513,Consumer Services,Real Estate Investment Trusts
PLTR,Palantir Technologies Inc. Class A Common Stock,$6.71,-0.58,-7.956%,13732648813.00,,2020,72666548,Technology,Retail: Computer Software & Peripheral Equipment
PM,Philip Morris International Inc Common Stock,$103.62,4.74,4.794%,160622430944.00,United States,,8129667,Consumer Non-Durables,Farming/Seeds/Milling
PNC,PNC Financial Services Group Inc. (The) Common Stock,$159.83,-2.01,-1.242%,66102612711.00,United States,,1756141,Finance,Major Banks
PODD,Insulet Corporation Common Stock,$186.40,-3.84,-2.019%,12924908523.00,United States,2007,656668,Health Care,Medical/Dental Instruments
POOL,Pool Corporation Common Stock,$381.41,-14.53,-3.67%,15265905881.00,United States,1995,498592,Consumer Non-Durables,Recreational Products/Toys
PPG,PPG Industries Inc. Common Stock,$124.30,-0.74,-0.592%,29358957332.00,United States,,989623,Basic Industries,Paints/Coatings
PPL,PPL Corporation Common Stock,$28.40,0.12,0.424%,20899645484.00,United States,,5974502,Public Utilities,Electric Utilities: Central
PRU,Prudential Financial Inc. Common Stock,$103.05,-1.20,-1.151%,38643750000.00,United States,2001,2107826,Finance,Life Insurance
PSA,Public Storage Common Stock,$312.79,0.42,0.134%,54903696517.00,United States,,1065532,Consumer Services,Real Estate Investment Trusts
PSX,Phillips 66 Common Stock,$91.20,1.63,1.82%,43876322371.00,United States,,2981653,Energy,Integrated oil Companies
PTC,PTC Inc. Common Stock,$102.91,-4.60,-4.279%,12037994397.00,United States,,954411,Technology,Computer Software: Prepackaged Software
PTR,PetroChina Company Limited Common Stock,$47.89,0.24,0.504%,87648746268.00,China,,133735,Energy,Oil & Gas Production
PUK,Prudential Public Limited Company Common Stock,$22.78,0.55,2.474%,31314605090.00,United Kingdom,,1211330,Finance,Life Insurance
PWR,Quanta Services Inc. Common Stock,$108.76,-3.06,-2.737%,15629791819.00,United States,,2069118,Capital Goods,Engineering & Construction
PXD,Pioneer Natural Resources Company Common Stock,$249.73,-0.81,-0.323%,60424417324.00,United States,,2281064,Energy,Oil & Gas Production
PYPL,PayPal Holdings Inc. Common Stock,$75.17,-3.58,-4.546%,87049861463.00,United States,,16744189,Miscellaneous,Business Services
QCOM,QUALCOMM Incorporated Common Stock,$132.30,-4.51,-3.297%,148176000000.00,United States,1991,11523030,Technology,Computer peripheral equipment
QGEN,Qiagen N.V. Common Shares ,$44.10,-0.64,-1.43%,10030633200.00,Netherlands,,528292,Health Care,Biotechnology: Biological Products (No Diagnostic Substances)
QRVO,Qorvo Inc. Common Stock,$100.88,-4.37,-4.152%,10938582532.00,United States,,1499604,Capital Goods,Industrial Machinery/Components
QSR,Restaurant Brands International Inc. Common Shares,$49.96,-1.06,-2.078%,15426504016.00,Canada,2014,1476444,,
RACE,Ferrari N.V. Common Shares,$188.50,-2.21,-1.159%,34518007843.00,,2015,519240,Capital Goods,Auto Manufacturing
RBLX,Roblox Corporation Class A Common Stock,$23.97,0.78,3.364%,14189664241.00,,2021,105558691,Technology,EDP Services
RCI,Rogers Communication Inc. Common Stock,$49.62,-0.29,-0.581%,25054394279.00,Canada,,492793,,
RCL,D/B/A Royal Caribbean Cruises Ltd. Common Stock,$59.94,-0.98,-1.609%,15282080802.00,United States,1993,4234730,,
RE,Everest Re Group Ltd. Common Stock,$278.56,-0.73,-0.261%,10985838973.00,Bermuda,,199854,Finance,Property-Casualty Insurers
REG,Regency Centers Corporation Common Stock,$64.62,-1.41,-2.135%,11138053958.00,United States,1993,1265088,Consumer Services,Real Estate Investment Trusts
REGN,Regeneron Pharmaceuticals Inc. Common Stock,$613.05,-2.04,-0.332%,67341209232.00,United States,1991,704006,Health Care,Biotechnology: Pharmaceutical Preparations
RELX,RELX PLC PLC American Depositary Shares (Each representing One Ordinary Share),$27.82,-0.58,-2.042%,53605316948.00,United Kingdom,2015,1048554,Consumer Services,Publishing
REXR,Rexford Industrial Realty Inc. Common Stock,$67.36,0.12,0.178%,11115811057.00,United States,2013,2242009,Consumer Services,Real Estate Investment Trusts
RF,Regions Financial Corporation Common Stock,$20.02,-0.17,-0.842%,18708683333.00,United States,,7493028,Finance,Major Banks
RHI,Robert Half International Inc. Common Stock,$93.61,-2.76,-2.864%,10345175100.00,United States,,647482,Technology,Diversified Commercial Services
RIO,Rio Tinto Plc Common Stock,$65.42,0.32,0.492%,106008272453.00,Australia,2002,4113077,Basic Industries,Steel/Iron Ore
RIVN,Rivian Automotive Inc. Class A Common Stock,$20.60,-2.19,-9.609%,18552822202.00,United States,2021,52869170,Capital Goods,Auto Manufacturing
RJF,Raymond James Financial Inc. Common Stock,$92.95,-0.79,-0.843%,19356784704.00,United States,,1168977,Finance,Investment Bankers/Brokers/Service
RMD,ResMed Inc. Common Stock,$191.46,-3.76,-1.926%,28007660046.00,United States,,645584,Health Care,Medical/Dental Instruments
ROK,Rockwell Automation Inc. Common Stock,$199.00,-6.12,-2.984%,23136052032.00,United States,,1100557,Capital Goods,Industrial Machinery/Components
ROKU,Roku Inc. Class A Common Stock,$78.72,-5.15,-6.14%,10703752366.00,United States,2017,6946752,Consumer Services,Television Services
ROL,Rollins Inc. Common Stock,$33.20,0.32,0.973%,16349693547.00,United States,,2199156,Technology,Industrial Specialties
ROP,Roper Technologies Inc. Common Stock,$429.37,-1.22,-0.283%,45475716677.00,United States,1992,642646,Capital Goods,Office Equipment/Supplies/Services
ROST,Ross Stores Inc. Common Stock,$87.85,-1.77,-1.975%,30869817069.00,United States,1985,3337301,Consumer Services,Clothing/Shoe/Accessory Stores
RPM,RPM International Inc. Common Stock,$83.55,-0.22,-0.263%,10819364064.00,United States,,513664,Basic Industries,Paints/Coatings
RPRX,Royalty Pharma plc Class A Ordinary Shares ,$38.31,0.62,1.645%,16676972050.00,United States,2020,2777334,Health Care,Biotechnology: Pharmaceutical Preparations
RS,Reliance Steel & Aluminum Co. Common Stock (DE),$187.51,-2.42,-1.274%,11615890669.00,United States,1994,539449,Basic Industries,Steel/Iron Ore
RSG,Republic Services Inc. Common Stock,$129.14,0.03,0.023%,40794150439.00,United States,1998,1146022,Public Utilities,Environmental Services
RTX,Raytheon Technologies Corporation Common Stock,$91.00,-0.69,-0.753%,135336574646.00,United States,,6493083,Capital Goods,Military/Government/Technical
RY,Royal Bank Of Canada Common Stock,$97.25,0.21,0.216%,137766309490.00,Canada,,1417290,,
RYAAY,Ryanair Holdings plc American Depositary Shares,$81.94,-0.97,-1.17%,18592653468.00,Ireland,1997,327896,Transportation,Air Freight/Delivery Services
SAN,Banco Santander S.A. Sponsored ADR (Spain),$2.75,-0.02,-0.722%,46971955330.00,Spain,,6471354,Finance,Commercial Banks
SAP,SAP  SE ADS,$95.59,-1.24,-1.281%,112755989111.00,Germany,,1568865,Technology,EDP Services
SBAC,SBA Communications Corporation Class A Common Stock,$315.05,-0.29,-0.092%,33971542518.00,United States,1999,573806,Consumer Services,Real Estate Investment Trusts
SBNY,Signature Bank Common Stock,$194.50,-23.51,-10.784%,12205117736.00,United States,2004,2408064,Finance,Major Banks
SBUX,Starbucks Corporation Common Stock,$70.06,-1.80,-2.505%,80351814000.00,United States,1992,12112918,Consumer Non-Durables,Beverages - Non-Alcoholic
SCCO,Southern Copper Corporation Common Stock,$57.04,-0.67,-1.161%,44097057536.00,United States,,1404396,Basic Industries,Precious Metals
SCHW,Charles Schwab Corporation (The) Common Stock,$65.12,0.54,0.836%,123490377185.00,United States,,10257244,Finance,Investment Bankers/Brokers/Service
SCI,Service Corporation International Common Stock,$66.23,-0.31,-0.466%,10513083426.00,United States,,821465,Miscellaneous,Other Consumer Services
SE,Sea Limited American Depositary Shares each representing one Class A Ordinary Share,$57.11,-7.07,-11.016%,31966634896.00,United States,2017,14377381,Technology,Computer Software: Prepackaged Software
SEDG,SolarEdge Technologies Inc. Common Stock,$216.52,-17.28,-7.391%,11992454948.00,Israel,2015,1094147,Technology,Semiconductors
SGEN,Seagen Inc. Common Stock,$119.45,-1.03,-0.855%,21987835556.00,United States,2001,2179621,Health Care,Biotechnology: Biological Products (No Diagnostic Substances)
SHG,Shinhan Financial Group Co Ltd American Depositary Shares,$31.37,-0.66,-2.061%,16090544427.00,South Korea,,177707,Finance,Major Banks
SHOP,Shopify Inc. Class A Subordinate Voting Shares,$318.59,-16.80,-5.009%,40187473690.00,Canada,2015,6323374,,
SHW,Sherwin-Williams Company (The) Common Stock,$264.67,-1.70,-0.638%,68848952759.00,United States,,1376525,Basic Industries,Paints/Coatings
SIRI,Sirius XM Holdings Inc. Common Stock,$6.02,-0.05,-0.824%,23695421360.00,United States,,27219439,Consumer Services,Broadcasting
SIVB,SVB Financial Group Common Stock,$441.36,-18.62,-4.048%,25974551067.00,United States,,642590,Finance,Major Banks
SJM,J.M. Smucker Company (The) New Common Stock,$144.43,1.93,1.354%,15664645845.00,United States,,1079521,Consumer Non-Durables,Packaged Foods
SJR,Shaw Communications Inc. Common Stock,$26.19,-1.03,-3.784%,13074755549.00,Canada,,3436392,Consumer Services,Television Services
SKM,SK Telecom Co. Ltd. Common Stock,$25.70,0.05,0.195%,10094905799.00,South Korea,,570477,Public Utilities,Telecommunications Equipment
SLB,Schlumberger N.V. Common Stock,$38.37,0.48,1.267%,54234487251.00,France,,11566531,Energy,Oilfield Services/Equipment
SLF,Sun Life Financial Inc. Common Stock,$48.23,-0.61,-1.249%,28266086408.00,Canada,,1282438,Technology,Advertising
SMFG,Sumitomo Mitsui Financial Group Inc Unsponsored American Depositary Shares (Japan),$5.79,-0.14,-2.361%,39685232660.00,Japan,,3412278,Finance,Commercial Banks
SNA,Snap-On Incorporated Common Stock,$210.91,-3.09,-1.444%,11257162646.00,United States,,284241,Capital Goods,Diversified Manufacture
SNAP,Snap Inc. Class A Common Stock,$21.84,-1.05,-4.587%,35737322799.00,United States,2017,35160125,Technology,Internet and Information Services
SNN,Smith & Nephew SNATS Inc. Common Stock,$29.72,-0.89,-2.908%,12963471845.00,United Kingdom,,812452,Health Care,Industrial Specialties
SNOW,Snowflake Inc. Class A Common Stock,$132.88,-10.88,-7.568%,41804048000.00,United States,2020,8264075,Technology,Computer Software: Prepackaged Software
SNP,China Petroleum & Chemical Corporation Common Stock,$48.90,0.37,0.762%,59203821494.00,China,,133562,Energy,Integrated oil Companies
SNPS,Synopsys Inc. Common Stock,$260.83,-9.68,-3.578%,39932738355.00,United States,1992,817080,Technology,EDP Services
SNY,Sanofi ADS,$50.72,-1.45,-2.779%,126663910125.00,France,,2592133,Health Care,Biotechnology: Pharmaceutical Preparations
SO,Southern Company (The) Common Stock,$73.98,0.78,1.066%,78605575457.00,United States,,5758457,Public Utilities,Power Generation
SONY,Sony Group Corporation American Depositary Shares ,$80.06,-1.94,-2.366%,99034511819.00,Japan,,1121018,Consumer Non-Durables,Consumer Electronics/Appliances
SPG,Simon Property Group Inc. Common Stock,$113.01,-6.06,-5.089%,37106866160.00,United States,,3323142,Consumer Services,Real Estate Investment Trusts
SPGI,S&P Global Inc. Common Stock,$325.81,-2.18,-0.665%,110742819000.00,United States,,2987900,Technology,Advertising
SPLK,Splunk Inc. Common Stock,$87.96,-6.93,-7.303%,14155984743.00,United States,2012,2814886,Technology,Computer Software: Prepackaged Software
SPOT,Spotify Technology S.A. Ordinary Shares,$91.94,-7.23,-7.291%,17713080320.00,Luxembourg,2018,2893846,Consumer Services,Broadcasting
SQ,Block Inc. Class A Common Stock,$71.22,-13.17,-15.606%,41343491889.00,United States,2015,39509476,Technology,Computer Software: Prepackaged Software
SQM,Sociedad Quimica y Minera S.A. Common Stock,$75.56,1.08,1.45%,21582841735.00,Chile,1993,1810156,Basic Industries,Agricultural Chemicals
SRE,DBA Sempra Common Stock,$158.82,0.28,0.177%,49917877219.00,United States,,2133234,Public Utilities,Oil/Gas Transmission
SSL,Sasol Ltd. American Depositary Shares,$23.17,0.92,4.135%,14722104606.00,South Africa,,278711,Energy,Oil & Gas Production
SSNC,SS&C Technologies Holdings Inc. Common Stock,$59.34,-0.94,-1.559%,15118698843.00,United States,2010,1387568,Technology,EDP Services
STE,STERIS plc (Ireland) Ordinary Shares,$212.57,-2.80,-1.30%,21284039754.00,United States,,669811,Health Care,Industrial Specialties
STLA,Stellantis N.V. Common Shares,$13.57,-0.08,-0.586%,42512201629.00,United Kingdom,2014,6396946,Capital Goods,Auto Manufacturing
STLD,Steel Dynamics Inc.,$75.37,-1.68,-2.18%,14221565903.00,United States,1996,2028739,Basic Industries,Steel/Iron Ore
STM,STMicroelectronics N.V. Common Stock,$35.06,-0.73,-2.04%,31684901033.00,Switzerland,,5334591,Technology,Semiconductors
STT,State Street Corporation Common Stock,$66.31,-1.40,-2.068%,24343409575.00,United States,,3524111,Finance,Investment Managers
STX,Seagate Technology Holdings PLC Ordinary Shares (Ireland),$77.13,-3.67,-4.542%,16570915329.00,Ireland,2002,1611517,Technology,Electronic Components
STZ,Constellation Brands Inc. Common Stock,$245.96,-0.82,-0.332%,45740874242.00,United States,,997678,Consumer Non-Durables,Beverages (Production/Distribution)
SU,Suncor Energy  Inc. Common Stock,$35.60,1.26,3.669%,50958934914.00,Canada,,10173959,,
SUI,Sun Communities Inc. Common Stock,$156.80,0.52,0.333%,19068855210.00,United States,1993,512052,Consumer Services,Real Estate Investment Trusts
SUZ,Suzano S.A. American Depositary Shares (each representing One Ordinary Share),$9.58,0.02,0.209%,13040905135.00,,2018,1100563,Basic Industries,Paper
SWK,Stanley Black & Decker Inc. Common Stock,$118.71,-2.78,-2.288%,17921011346.00,United States,,1884098,Capital Goods,Diversified Manufacture
SWKS,Skyworks Solutions Inc. Common Stock,$99.32,-3.44,-3.348%,15983183629.00,United States,,2227356,Technology,Semiconductors
SYF,Synchrony Financial Common Stock,$35.33,-0.83,-2.295%,17717599587.00,United States,2014,6395048,Finance,Diversified Financial Services
SYK,Stryker Corporation Common Stock,$226.72,-0.79,-0.347%,85735093018.00,United States,,1429598,Health Care,Medical/Dental Instruments
SYY,Sysco Corporation Common Stock,$84.06,-1.99,-2.313%,42656033824.00,United States,,4074804,Consumer Non-Durables,Food Distributors
T,AT&T Inc.,$19.43,0.07,0.362%,139099370000.00,United States,,50050717,Consumer Services,Telecommunications Equipment
TAK,Takeda Pharmaceutical Company Limited American Depositary Shares (each representing 1/2 of a share of Common Stock),$13.93,-0.59,-4.063%,43195363488.00,,2018,2415495,Health Care,Biotechnology: Pharmaceutical Preparations
TAP,Molson Coors Beverage Company Class B Common Stock,$55.82,0.98,1.787%,12107134832.00,Canada,,2068752,Consumer Non-Durables,Beverages (Production/Distribution)
TCOM,Trip.com Group Limited American Depositary Shares,$19.99,0.37,1.886%,12828669996.00,China,,5106960,Consumer Services,Hotels/Resorts
TD,Toronto Dominion Bank (The) Common Stock,$71.28,0.63,0.892%,129277997434.00,Canada,,4851660,,
TDG,Transdigm Group Incorporated Common Stock,$570.77,4.53,0.80%,31656091972.00,United States,2006,422486,Capital Goods,Military/Government/Technical
TDY,Teledyne Technologies Incorporated Common Stock,$388.47,-3.54,-0.903%,18197043493.00,United States,,439003,Capital Goods,Industrial Machinery/Components
TEAM,Atlassian Corporation Plc Class A Ordinary Shares,$169.28,-11.70,-6.465%,42910237886.00,United Kingdom,2015,2679718,Technology,Computer Software: Prepackaged Software
TECH,Bio-Techne Corp Common Stock,$338.67,-12.87,-3.661%,13305752982.00,United States,,248341,Health Care,Biotechnology: Biological Products (No Diagnostic Substances)
TECK,Teck Resources Ltd Ordinary Shares,$37.05,0.68,1.87%,19988475000.00,Canada,,4012304,,
TEF,Telefonica SA Common Stock,$4.78,-0.04,-0.83%,26958114763.00,Spain,1988,1457550,Public Utilities,Telecommunications Equipment
TEL,TE Connectivity Ltd. New Switzerland Registered Shares,$122.02,-2.80,-2.243%,39311649394.00,Switzerland,,1787351,Technology,Electronic Components
TER,Teradyne Inc. Common Stock,$100.42,-2.04,-1.991%,16087586967.00,United States,,1661347,Capital Goods,Electrical Products
TFC,Truist Financial Corporation Common Stock,$46.85,-0.61,-1.285%,62376741028.00,United States,,7184509,Finance,Major Banks
TFX,Teleflex Incorporated Common Stock,$267.37,-0.39,-0.146%,12539668507.00,United States,,581272,Health Care,Medical/Dental Instruments
TGT,Target Corporation Common Stock,$213.49,-5.62,-2.565%,98989800261.00,United States,,3192568,Consumer Services,Department/Specialty Retail Stores
TJX,TJX Companies Inc. (The) Common Stock,$54.99,-1.21,-2.153%,64582130224.00,United States,,8399631,Consumer Services,Department/Specialty Retail Stores
TLK,PT Telekomunikasi Indonesia Tbk,$29.68,0.19,0.644%,29401665887.00,Indonesia,,279065,Public Utilities,Telecommunications Equipment
TMUS,T-Mobile US Inc. Common Stock,$123.28,0.28,0.228%,154541938212.00,United States,,7399227,Public Utilities,Telecommunications Equipment
TRGP,Targa Resources Inc. Common Stock,$68.79,0.77,1.132%,15683286953.00,United States,2010,2314977,Public Utilities,Natural Gas Distribution
TRI,Thomson Reuters Corp Ordinary Shares,$92.58,-1.13,-1.206%,45095218901.00,United States,,528314,,
TRMB,Trimble Inc. Common Stock,$61.53,-0.36,-0.582%,15391266302.00,United States,1990,1840246,Capital Goods,Industrial Machinery/Components
TROW,T. Rowe Price Group Inc. Common Stock,$114.78,-8.12,-6.607%,26089105929.00,United States,1986,2856653,Finance,Investment Managers
TRP,TC Energy Corporation Common Stock,$53.68,0.01,0.019%,52767440000.00,Canada,,1666145,Public Utilities,Natural Gas Distribution
TRU,TransUnion Common Stock,$81.18,-1.54,-1.862%,15619032000.00,United States,2015,1244705,Technology,Advertising
TRV,The Travelers Companies Inc. Common Stock,$172.38,-0.61,-0.353%,41364477525.00,United States,,1169973,Finance,Property-Casualty Insurers
TS,Tenaris S.A. American Depositary Shares,$29.94,0.24,0.808%,17672636345.00,Luxembourg,,2359464,Basic Industries,Steel/Iron Ore
TSCO,Tractor Supply Company Common Stock,$191.56,-6.51,-3.287%,21432044660.00,United States,1994,1024369,Consumer Services,Other Specialty Stores
TSN,Tyson Foods Inc. Common Stock,$90.20,-1.89,-2.052%,32611752543.00,United States,,2649977,Consumer Non-Durables,Meat/Poultry/Fish
TT,Trane Technologies plc,$131.17,-2.14,-1.605%,30675467750.00,Ireland,,1374707,Capital Goods,Auto Parts:O.E.M.
TTD,The Trade Desk Inc. Class A Common Stock,$43.34,-0.41,-0.937%,21064367620.00,United States,2016,16924199,Technology,EDP Services
TTE,TotalEnergies SE,$52.57,1.46,2.857%,136176676921.00,France,,3959065,Energy,Oil & Gas Production
TTM,Tata Motors Ltd Tata Motors Limited,$24.46,-1.00,-3.928%,18733219996.00,India,,1015752,Capital Goods,Auto Manufacturing
TTWO,Take-Two Interactive Software Inc. Common Stock,$105.26,1.67,1.612%,12153021083.00,United States,1997,3931793,Technology,Computer Software: Prepackaged Software
TU,Telus Corporation Ordinary Shares,$23.90,-0.18,-0.748%,32886400000.00,Canada,,2176686,,
TW,Tradeweb Markets Inc. Class A Common Stock,$63.07,0.72,1.155%,12897749155.00,United States,2019,1574412,Finance,Investment Bankers/Brokers/Service
TWLO,Twilio Inc. Class A Common Stock,$92.62,-5.15,-5.267%,16827151307.00,United States,2016,5463457,Capital Goods,Industrial Machinery/Components
TWTR,Twitter Inc. Common Stock,$46.09,-1.17,-2.476%,35221087910.00,,2013,24765368,Technology,EDP Services
TXN,Texas Instruments Incorporated Common Stock,$164.69,-3.55,-2.11%,151866222933.00,United States,,5892036,Technology,Semiconductors
TXT,Textron Inc. Common Stock,$62.25,-1.98,-3.083%,13388936483.00,United States,,1336185,Capital Goods,Aerospace
TYL,Tyler Technologies Inc. Common Stock,$340.48,-14.18,-3.998%,14120963674.00,United States,,381899,Technology,Computer Software: Prepackaged Software
UAL,United Airlines Holdings Inc. Common Stock,$43.18,-0.94,-2.131%,14108243803.00,United States,,15377976,Transportation,Air Freight/Delivery Services
UBER,Uber Technologies Inc. Common Stock,$22.57,-1.10,-4.647%,44319811910.00,,2019,51090156,Technology,EDP Services
UBS,UBS Group AG Registered Ordinary Shares,$16.67,-0.23,-1.361%,55830136578.00,Switzerland,2014,4309396,Finance,Major Banks
UDR,UDR Inc. Common Stock,$47.44,0.90,1.934%,15104948611.00,United States,,1939244,Consumer Services,Real Estate Investment Trusts
UI,Ubiquiti Inc. Common Stock,$221.79,-8.67,-3.762%,13400189173.00,United States,,116070,Technology,Radio And Television Broadcasting And Communications Equipment
UL,Unilever PLC Common Stock,$44.72,-0.77,-1.693%,114336545232.00,United Kingdom,,4195795,Consumer Non-Durables,Farming/Seeds/Milling
ULTA,Ulta Beauty Inc. Common Stock,$375.95,-4.92,-1.292%,19634792531.00,United States,2007,917942,,
UMC,United Microelectronics Corporation (NEW) Common Stock,$7.90,-0.23,-2.829%,19721755098.00,Taiwan,,9137697,Technology,Semiconductors
UNP,Union Pacific Corporation Common Stock,$223.88,1.28,0.575%,140602271925.00,United States,,2457522,Transportation,Railroads
UPS,United Parcel Service Inc. Common Stock,$177.46,-4.55,-2.50%,155058576116.00,United States,1999,4933411,Transportation,Air Freight/Delivery Services
URI,United Rentals Inc. Common Stock,$280.82,-12.87,-4.382%,20109943957.00,United States,1997,894721,Technology,Diversified Commercial Services
USB,U.S. Bancorp Common Stock,$48.46,-0.90,-1.823%,71998967281.00,United States,,7711076,Finance,Major Banks
VALE,VALE S.A.  American Depositary Shares Each Representing one common share,$15.24,0.54,3.673%,72243161305.00,Brazil,,41147388,Basic Industries,Steel/Iron Ore
VEEV,Veeva Systems Inc. Class A Common Stock,$160.06,-4.68,-2.841%,24775294773.00,,2013,1152936,Health Care,Managed Health Care
VICI,VICI Properties Inc. Common Stock,$27.32,0.64,2.399%,26309217727.00,,2018,10320574,Consumer Services,Real Estate Investment Trusts
VIV,Telefonica Brasil S.A. American Depositary Shares (Each representing One Common Share),$9.51,-0.40,-4.036%,15947682957.00,Brazil,2020,1954556,Public Utilities,Telecommunications Equipment
VLO,Valero Energy Corporation Common Stock,$120.42,-0.55,-0.455%,49142970415.00,United States,,5003258,Energy,Integrated oil Companies
VMC,Vulcan Materials Company (Holding Company) Common Stock,$158.10,-3.44,-2.13%,21010855703.00,United States,,822544,,
VMW,Vmware Inc. Common stock Class A,$98.16,0.59,0.605%,41330885819.00,United States,2007,1819643,Technology,Computer Software: Prepackaged Software
VOD,Vodafone Group Plc American Depositary Shares,$14.57,-0.30,-2.017%,41114625371.00,United Kingdom,,8010527,Public Utilities,Telecommunications Equipment
VRSK,Verisk Analytics Inc. Common Stock,$174.40,-4.47,-2.499%,27538107405.00,United States,2009,1367605,Miscellaneous,Business Services
VRSN,VeriSign Inc. Common Stock,$166.94,-0.75,-0.447%,18287408244.00,United States,1998,976955,Technology,EDP Services
VRTX,Vertex Pharmaceuticals Incorporated Common Stock,$234.96,-5.20,-2.165%,60092420597.00,United States,1991,1905589,Health Care,Biotechnology: Pharmaceutical Preparations
VST,Vistra Corp. Common Stock,$24.29,-0.15,-0.614%,10488962525.00,,,7373852,Public Utilities,Power Generation
VTR,Ventas Inc. Common Stock,$52.96,0.36,0.684%,21167874051.00,United States,,2166310,Consumer Services,Real Estate Investment Trusts
VTRS,Viatris Inc. Common Stock,$10.39,-0.07,-0.669%,12596311648.00,United States,,17018203,Consumer Durables,Specialty Chemicals
WAB,Westinghouse Air Brake Technologies Corporation Common Stock,$84.24,-2.44,-2.815%,15386238541.00,United States,,1467416,Capital Goods,Railroads
WAT,Waters Corporation Common Stock,$311.66,-9.77,-3.04%,18772945441.00,United States,1995,308460,Health Care,Medical Specialities
WBA,Walgreens Boots Alliance Inc. Common Stock,$43.35,0.04,0.092%,37444579664.00,United States,,6214280,Health Care,Medical/Nursing Services
WBD,Warner Bros. Discovery Inc. Series A Common Stock ,$16.62,-0.73,-4.207%,40334154011.00,United States,,17835219,Consumer Services,Television Services
WCN,Waste Connections Inc. Common Shares,$122.67,-0.69,-0.559%,31546428342.00,Canada,,997602,Public Utilities,Power Generation
WDAY,Workday Inc. Class A Common Stock,$173.14,-10.53,-5.733%,43458140000.00,United States,,3500195,Technology,Computer Software: Prepackaged Software
WDC,Western Digital Corporation Common Stock,$55.75,-1.61,-2.807%,17459105854.00,United States,,4224329,Technology,Electronic Components
WEC,WEC Energy Group Inc. Common Stock,$101.75,1.09,1.083%,32095463529.00,United States,,1731512,Public Utilities,Power Generation
WELL,Welltower Inc. Common Stock,$86.99,1.19,1.387%,39490586285.00,United States,,3329264,Consumer Services,Real Estate Investment Trusts
WFC,Wells Fargo & Company Common Stock,$42.57,-0.51,-1.184%,161355294985.00,United States,,25283729,Finance,Major Banks
WIT,Wipro Limited Common Stock,$6.01,-0.21,-3.376%,32853199898.00,India,,3904399,Technology,EDP Services
WLK,Westlake Corporation Common Stock,$129.97,2.62,2.057%,16678946124.00,United States,2004,1063325,Basic Industries,Major Chemicals
WM,Waste Management Inc. Common Stock,$157.78,0.83,0.529%,65511364405.00,United States,,1423663,Public Utilities,Environmental Services
WMB,Williams Companies Inc. (The) Common Stock,$34.46,0.28,0.819%,41972679770.00,United States,,8117073,Public Utilities,Natural Gas Distribution
WMG,Warner Music Group Corp. Class A Common Stock,$25.39,-0.39,-1.513%,13071121493.00,United States,2020,4030543,Consumer Services,Movies/Entertainment
WPC,W. P. Carey Inc. REIT,$77.15,1.15,1.513%,14714483280.00,United States,,1087339,Consumer Services,Real Estate Investment Trusts
WPM,Wheaton Precious Metals Corp Common Shares (Canada),$41.52,-0.12,-0.288%,18745202307.00,Canada,,3085437,,
WPP,WPP plc American Depositary Shares,$57.82,-1.21,-2.05%,12736153232.00,Ireland,,183422,Technology,Advertising
WRB,W.R. Berkley Corporation Common Stock,$66.66,0.31,0.467%,17677792844.00,United States,,1563496,Finance,Property-Casualty Insurers
WRK,Westrock Company Common Stock,$50.26,-1.07,-2.085%,12808859912.00,,2015,2771400,,
WST,West Pharmaceutical Services Inc. Common Stock,$290.80,-5.46,-1.843%,21541189424.00,United States,,388955,Health Care,Medical/Dental Instruments
WTRG,Essential Utilities Inc. Common Stock,$43.14,0.88,2.082%,10915010630.00,United States,,2257969,Public Utilities,Water Supply
WTW,Willis Towers Watson Public Limited Company Ordinary Shares,$201.64,-4.71,-2.283%,22480488512.00,United Kingdom,2001,590685,Finance,Specialty Insurers
WY,Weyerhaeuser Company Common Stock,$37.79,-0.93,-2.402%,28134579420.00,United States,,4575859,Consumer Services,Real Estate Investment Trusts
XEL,Xcel Energy Inc. Common Stock,$73.97,0.48,0.653%,40288003417.00,United States,,4348739,Public Utilities,Power Generation
XP,XP Inc. Class A Common Stock,$18.09,-0.56,-3.003%,10121433167.00,Brazil,2019,4168260,Finance,Investment Bankers/Brokers/Service
XPEV,XPeng Inc. American depositary shares each representing two Class A ordinary shares,$19.82,-0.45,-2.22%,16733324927.00,China,2020,14163273,Capital Goods,Auto Manufacturing
XYL,Xylem Inc. Common Stock New,$80.89,-1.74,-2.106%,14567699474.00,United States,2011,981132,Capital Goods,Fluid Controls
Y,Alleghany Corporation Common Stock,$830.62,-0.49,-0.059%,11175899071.00,United States,,135610,Finance,Property-Casualty Insurers
YUM,Yum! Brands Inc.,$108.90,-1.84,-1.662%,31145400000.00,United States,,2100857,Consumer Services,Restaurants
YUMC,Yum China Holdings Inc. Common Stock,$37.52,-1.39,-3.572%,15812067182.00,United States,2016,2402875,Consumer Services,Restaurants
ZBH,Zimmer Biomet Holdings Inc. Common Stock,$113.42,-0.75,-0.657%,23770262697.00,United States,,1315613,Health Care,Industrial Specialties
ZBRA,Zebra Technologies Corporation Class A Common Stock,$314.50,-11.34,-3.48%,16515598592.00,United States,1991,752007,Technology,Computer peripheral equipment
ZEN,Zendesk Inc. Common Stock,$98.87,-1.83,-1.817%,12115859136.00,,2014,2244734,Technology,EDP Services
ZI,ZoomInfo Technologies Inc Class A Common Stock,$40.24,-1.83,-4.35%,16232522127.00,United States,2020,3209056,Technology,Computer Software: Prepackaged Software
ZM,Zoom Video Communications Inc. Class A Common Stock,$84.80,-5.88,-6.484%,25369645680.00,United States,2019,6179964,Technology,Computer Software: Prepackaged Software
ZS,Zscaler Inc. Common Stock,$136.57,-13.72,-9.129%,19268024338.00,United States,2018,3941509,Technology,EDP Services
ZTO,ZTO Express (Cayman) Inc. American Depositary Shares each representing one Class A ordinary share.,$25.36,0.36,1.44%,20534831822.00,China,2016,2969340,Transportation,Advertising
ZTS,Zoetis Inc. Class A Common Stock,$159.90,-2.75,-1.691%,75253521935.00,United States,2013,3355236,Health Care,Biotechnology: Pharmaceutical Preparations
